timestamp,value,ground_truth,kpi_id
1493568000,2.3125,0,431a8542-c468-3988-a508-3afd06a218da
1493568060,2.75,0,431a8542-c468-3988-a508-3afd06a218da
1493568120,2.5625,0,431a8542-c468-3988-a508-3afd06a218da
1493568180,2.625,0,431a8542-c468-3988-a508-3afd06a218da
1493568240,2.6875,0,431a8542-c468-3988-a508-3afd06a218da
1493568300,2.75,0,431a8542-c468-3988-a508-3afd06a218da
1493568360,2.625,0,431a8542-c468-3988-a508-3afd06a218da
1493568420,2.75,0,431a8542-c468-3988-a508-3afd06a218da
1493568480,2.75,0,431a8542-c468-3988-a508-3afd06a218da
1493568540,2.6875,0,431a8542-c468-3988-a508-3afd06a218da
1493568600,2.875,0,431a8542-c468-3988-a508-3afd06a218da
1493568660,2.625,0,431a8542-c468-3988-a508-3afd06a218da
1493568720,2.8125,0,431a8542-c468-3988-a508-3afd06a218da
1493568780,2.8125,0,431a8542-c468-3988-a508-3afd06a218da
1493568840,2.75,0,431a8542-c468-3988-a508-3afd06a218da
1493568900,2.75,0,431a8542-c468-3988-a508-3afd06a218da
1493568960,2.8125,0,431a8542-c468-3988-a508-3afd06a218da
1493569020,2.875,0,431a8542-c468-3988-a508-3afd06a218da
1493569080,3.0,0,431a8542-c468-3988-a508-3afd06a218da
1493569140,3.0,0,431a8542-c468-3988-a508-3afd06a218da
1493569200,2.8125,0,431a8542-c468-3988-a508-3afd06a218da
1493569260,2.9375,0,431a8542-c468-3988-a508-3afd06a218da
1493569320,2.875,0,431a8542-c468-3988-a508-3afd06a218da
1493569380,2.9375,0,431a8542-c468-3988-a508-3afd06a218da
1493569440,2.9375,0,431a8542-c468-3988-a508-3afd06a218da
1493569500,2.875,0,431a8542-c468-3988-a508-3afd06a218da
1493569560,2.8125,0,431a8542-c468-3988-a508-3afd06a218da
1493569620,2.875,0,431a8542-c468-3988-a508-3afd06a218da
1493569680,2.9375,0,431a8542-c468-3988-a508-3afd06a218da
1493569740,2.875,0,431a8542-c468-3988-a508-3afd06a218da
1493569800,3.0,0,431a8542-c468-3988-a508-3afd06a218da
1493569860,3.0,0,431a8542-c468-3988-a508-3afd06a218da
1493569920,2.9375,0,431a8542-c468-3988-a508-3afd06a218da
1493569980,3.0,0,431a8542-c468-3988-a508-3afd06a218da
1493570040,3.0,0,431a8542-c468-3988-a508-3afd06a218da
1493570100,3.0,0,431a8542-c468-3988-a508-3afd06a218da
1493570160,3.0,0,431a8542-c468-3988-a508-3afd06a218da
1493570220,2.9375,0,431a8542-c468-3988-a508-3afd06a218da
1493570280,3.0,0,431a8542-c468-3988-a508-3afd06a218da
1493570340,3.0,0,431a8542-c468-3988-a508-3afd06a218da
1493570400,3.0,0,431a8542-c468-3988-a508-3afd06a218da
1493570460,2.9375,0,431a8542-c468-3988-a508-3afd06a218da
1493570520,3.0,0,431a8542-c468-3988-a508-3afd06a218da
1493570580,3.125,0,431a8542-c468-3988-a508-3afd06a218da
1493570640,3.0,0,431a8542-c468-3988-a508-3afd06a218da
1493570700,3.0,0,431a8542-c468-3988-a508-3afd06a218da
1493570760,3.0,0,431a8542-c468-3988-a508-3afd06a218da
1493570820,3.0,0,431a8542-c468-3988-a508-3afd06a218da
1493570880,3.0625,0,431a8542-c468-3988-a508-3afd06a218da
1493570940,3.0625,0,431a8542-c468-3988-a508-3afd06a218da
1493571000,3.0,0,431a8542-c468-3988-a508-3afd06a218da
1493571060,3.0,0,431a8542-c468-3988-a508-3afd06a218da
1493571120,3.125,0,431a8542-c468-3988-a508-3afd06a218da
1493571180,3.0625,0,431a8542-c468-3988-a508-3afd06a218da
1493571240,3.125,0,431a8542-c468-3988-a508-3afd06a218da
1493571300,3.0,0,431a8542-c468-3988-a508-3afd06a218da
1493571360,3.125,0,431a8542-c468-3988-a508-3afd06a218da
1493571420,3.125,0,431a8542-c468-3988-a508-3afd06a218da
1493571480,3.0625,0,431a8542-c468-3988-a508-3afd06a218da
1493571540,3.3125,0,431a8542-c468-3988-a508-3afd06a218da
1493571600,3.0625,0,431a8542-c468-3988-a508-3afd06a218da
1493571660,3.0,0,431a8542-c468-3988-a508-3afd06a218da
1493571720,3.125,0,431a8542-c468-3988-a508-3afd06a218da
1493571780,3.25,0,431a8542-c468-3988-a508-3afd06a218da
1493571840,3.0625,0,431a8542-c468-3988-a508-3afd06a218da
1493571900,3.0,0,431a8542-c468-3988-a508-3afd06a218da
1493571960,3.1875,0,431a8542-c468-3988-a508-3afd06a218da
1493572020,3.375,0,431a8542-c468-3988-a508-3afd06a218da
1493572080,3.3125,0,431a8542-c468-3988-a508-3afd06a218da
1493572140,3.25,0,431a8542-c468-3988-a508-3afd06a218da
1493572200,3.25,0,431a8542-c468-3988-a508-3afd06a218da
1493572260,3.25,0,431a8542-c468-3988-a508-3afd06a218da
1493572320,3.4375,0,431a8542-c468-3988-a508-3afd06a218da
1493572380,3.375,0,431a8542-c468-3988-a508-3afd06a218da
1493572440,3.25,0,431a8542-c468-3988-a508-3afd06a218da
1493572500,3.4375,0,431a8542-c468-3988-a508-3afd06a218da
1493572560,3.375,0,431a8542-c468-3988-a508-3afd06a218da
1493572620,3.25,0,431a8542-c468-3988-a508-3afd06a218da
1493572680,3.625,0,431a8542-c468-3988-a508-3afd06a218da
1493572740,3.4375,0,431a8542-c468-3988-a508-3afd06a218da
1493572800,3.5,0,431a8542-c468-3988-a508-3afd06a218da
1493572860,3.3125,0,431a8542-c468-3988-a508-3afd06a218da
1493572920,3.125,0,431a8542-c468-3988-a508-3afd06a218da
1493572980,3.5625,0,431a8542-c468-3988-a508-3afd06a218da
1493573040,3.3125,0,431a8542-c468-3988-a508-3afd06a218da
1493573100,3.5,0,431a8542-c468-3988-a508-3afd06a218da
1493573160,3.6875,0,431a8542-c468-3988-a508-3afd06a218da
1493573220,3.5625,0,431a8542-c468-3988-a508-3afd06a218da
1493573280,3.5,0,431a8542-c468-3988-a508-3afd06a218da
1493573340,3.6875,0,431a8542-c468-3988-a508-3afd06a218da
1493573400,3.4375,0,431a8542-c468-3988-a508-3afd06a218da
1493573460,3.75,0,431a8542-c468-3988-a508-3afd06a218da
1493573520,3.6875,0,431a8542-c468-3988-a508-3afd06a218da
1493573580,3.625,0,431a8542-c468-3988-a508-3afd06a218da
1493573640,3.75,0,431a8542-c468-3988-a508-3afd06a218da
1493573700,3.75,0,431a8542-c468-3988-a508-3afd06a218da
1493573760,3.625,0,431a8542-c468-3988-a508-3afd06a218da
1493573820,3.8125,0,431a8542-c468-3988-a508-3afd06a218da
1493573880,3.625,0,431a8542-c468-3988-a508-3afd06a218da
1493573940,3.75,0,431a8542-c468-3988-a508-3afd06a218da
1493574000,3.625,0,431a8542-c468-3988-a508-3afd06a218da
1493574060,3.9375,0,431a8542-c468-3988-a508-3afd06a218da
1493574120,3.9375,0,431a8542-c468-3988-a508-3afd06a218da
1493574180,3.875,0,431a8542-c468-3988-a508-3afd06a218da
1493574240,3.75,0,431a8542-c468-3988-a508-3afd06a218da
1493574300,3.875,0,431a8542-c468-3988-a508-3afd06a218da
1493574360,3.75,0,431a8542-c468-3988-a508-3afd06a218da
1493574420,3.875,0,431a8542-c468-3988-a508-3afd06a218da
1493574480,3.8125,0,431a8542-c468-3988-a508-3afd06a218da
1493574540,3.9375,0,431a8542-c468-3988-a508-3afd06a218da
1493574600,3.625,0,431a8542-c468-3988-a508-3afd06a218da
1493574660,3.8125,0,431a8542-c468-3988-a508-3afd06a218da
1493574720,3.9375,0,431a8542-c468-3988-a508-3afd06a218da
1493574780,3.875,0,431a8542-c468-3988-a508-3afd06a218da
1493574840,3.8125,0,431a8542-c468-3988-a508-3afd06a218da
1493574900,4.0,0,431a8542-c468-3988-a508-3afd06a218da
1493574960,3.8125,0,431a8542-c468-3988-a508-3afd06a218da
1493575020,3.8125,0,431a8542-c468-3988-a508-3afd06a218da
1493575080,3.9375,0,431a8542-c468-3988-a508-3afd06a218da
1493575140,3.875,0,431a8542-c468-3988-a508-3afd06a218da
1493575200,3.875,0,431a8542-c468-3988-a508-3afd06a218da
1493575260,4.0625,0,431a8542-c468-3988-a508-3afd06a218da
1493575320,3.9375,0,431a8542-c468-3988-a508-3afd06a218da
1493575380,3.9375,0,431a8542-c468-3988-a508-3afd06a218da
1493575440,3.9375,0,431a8542-c468-3988-a508-3afd06a218da
1493575500,4.0,0,431a8542-c468-3988-a508-3afd06a218da
1493575560,3.875,0,431a8542-c468-3988-a508-3afd06a218da
1493575620,3.9375,0,431a8542-c468-3988-a508-3afd06a218da
1493575680,3.9375,0,431a8542-c468-3988-a508-3afd06a218da
1493575740,4.0,0,431a8542-c468-3988-a508-3afd06a218da
1493575800,3.875,0,431a8542-c468-3988-a508-3afd06a218da
1493575860,3.75,0,431a8542-c468-3988-a508-3afd06a218da
1493575920,3.875,0,431a8542-c468-3988-a508-3afd06a218da
1493575980,4.0,0,431a8542-c468-3988-a508-3afd06a218da
1493576040,4.0,0,431a8542-c468-3988-a508-3afd06a218da
1493576100,4.0,0,431a8542-c468-3988-a508-3afd06a218da
1493576160,4.0,0,431a8542-c468-3988-a508-3afd06a218da
1493576220,4.0625,0,431a8542-c468-3988-a508-3afd06a218da
1493576280,3.9375,0,431a8542-c468-3988-a508-3afd06a218da
1493576340,4.0,0,431a8542-c468-3988-a508-3afd06a218da
1493576400,3.9375,0,431a8542-c468-3988-a508-3afd06a218da
1493576460,3.875,0,431a8542-c468-3988-a508-3afd06a218da
1493576520,4.0625,0,431a8542-c468-3988-a508-3afd06a218da
1493576580,4.0,0,431a8542-c468-3988-a508-3afd06a218da
1493576640,3.9375,0,431a8542-c468-3988-a508-3afd06a218da
1493576700,4.0,0,431a8542-c468-3988-a508-3afd06a218da
1493576760,4.125,0,431a8542-c468-3988-a508-3afd06a218da
1493576820,4.125,0,431a8542-c468-3988-a508-3afd06a218da
1493576880,4.0,0,431a8542-c468-3988-a508-3afd06a218da
1493576940,4.0625,0,431a8542-c468-3988-a508-3afd06a218da
1493577000,4.0625,0,431a8542-c468-3988-a508-3afd06a218da
1493577060,4.1875,0,431a8542-c468-3988-a508-3afd06a218da
1493577120,4.0,0,431a8542-c468-3988-a508-3afd06a218da
1493577180,4.0,0,431a8542-c468-3988-a508-3afd06a218da
1493577240,4.0625,0,431a8542-c468-3988-a508-3afd06a218da
1493577300,4.125,0,431a8542-c468-3988-a508-3afd06a218da
1493577360,4.125,0,431a8542-c468-3988-a508-3afd06a218da
1493577420,4.1875,0,431a8542-c468-3988-a508-3afd06a218da
1493577480,3.9375,0,431a8542-c468-3988-a508-3afd06a218da
1493577540,4.0,0,431a8542-c468-3988-a508-3afd06a218da
1493577600,4.125,0,431a8542-c468-3988-a508-3afd06a218da
1493577660,4.1875,0,431a8542-c468-3988-a508-3afd06a218da
1493577720,4.125,0,431a8542-c468-3988-a508-3afd06a218da
1493577780,4.1875,0,431a8542-c468-3988-a508-3afd06a218da
1493577840,4.25,0,431a8542-c468-3988-a508-3afd06a218da
1493577900,4.1875,0,431a8542-c468-3988-a508-3afd06a218da
1493577960,4.1875,0,431a8542-c468-3988-a508-3afd06a218da
1493578020,4.1875,0,431a8542-c468-3988-a508-3afd06a218da
1493578080,4.125,0,431a8542-c468-3988-a508-3afd06a218da
1493578140,4.0,0,431a8542-c468-3988-a508-3afd06a218da
1493578200,4.0,0,431a8542-c468-3988-a508-3afd06a218da
1493578260,4.125,0,431a8542-c468-3988-a508-3afd06a218da
1493578320,4.1333332061800006,0,431a8542-c468-3988-a508-3afd06a218da
1493578380,4.1333332061800006,0,431a8542-c468-3988-a508-3afd06a218da
1493578440,4.3125,0,431a8542-c468-3988-a508-3afd06a218da
1493578500,4.1875,0,431a8542-c468-3988-a508-3afd06a218da
1493578560,4.0625,0,431a8542-c468-3988-a508-3afd06a218da
1493578620,4.125,0,431a8542-c468-3988-a508-3afd06a218da
1493578680,4.1875,0,431a8542-c468-3988-a508-3afd06a218da
1493578740,4.25,0,431a8542-c468-3988-a508-3afd06a218da
1493578800,4.1875,0,431a8542-c468-3988-a508-3afd06a218da
1493578860,4.25,0,431a8542-c468-3988-a508-3afd06a218da
1493578920,4.125,0,431a8542-c468-3988-a508-3afd06a218da
1493578980,4.0625,0,431a8542-c468-3988-a508-3afd06a218da
1493579040,4.3125,0,431a8542-c468-3988-a508-3afd06a218da
1493579100,4.3125,0,431a8542-c468-3988-a508-3afd06a218da
1493579160,4.1875,0,431a8542-c468-3988-a508-3afd06a218da
1493579220,4.1875,0,431a8542-c468-3988-a508-3afd06a218da
1493579280,4.3125,0,431a8542-c468-3988-a508-3afd06a218da
1493579340,4.1875,0,431a8542-c468-3988-a508-3afd06a218da
1493579400,4.1875,0,431a8542-c468-3988-a508-3afd06a218da
1493579460,4.125,0,431a8542-c468-3988-a508-3afd06a218da
1493579520,4.125,0,431a8542-c468-3988-a508-3afd06a218da
1493579580,4.25,0,431a8542-c468-3988-a508-3afd06a218da
1493579640,4.375,0,431a8542-c468-3988-a508-3afd06a218da
1493579700,4.125,0,431a8542-c468-3988-a508-3afd06a218da
1493579760,4.1875,0,431a8542-c468-3988-a508-3afd06a218da
1493579820,4.1875,0,431a8542-c468-3988-a508-3afd06a218da
1493579880,4.4375,0,431a8542-c468-3988-a508-3afd06a218da
1493579940,4.125,0,431a8542-c468-3988-a508-3afd06a218da
1493580000,4.125,0,431a8542-c468-3988-a508-3afd06a218da
1493580060,4.125,0,431a8542-c468-3988-a508-3afd06a218da
1493580120,4.25,0,431a8542-c468-3988-a508-3afd06a218da
1493580180,4.3125,0,431a8542-c468-3988-a508-3afd06a218da
1493580240,4.3125,0,431a8542-c468-3988-a508-3afd06a218da
1493580300,4.1875,0,431a8542-c468-3988-a508-3afd06a218da
1493580360,4.25,0,431a8542-c468-3988-a508-3afd06a218da
1493580420,4.125,0,431a8542-c468-3988-a508-3afd06a218da
1493580480,4.3125,0,431a8542-c468-3988-a508-3afd06a218da
1493580540,4.125,0,431a8542-c468-3988-a508-3afd06a218da
1493580600,4.3125,0,431a8542-c468-3988-a508-3afd06a218da
1493580660,4.25,0,431a8542-c468-3988-a508-3afd06a218da
1493580720,4.5625,0,431a8542-c468-3988-a508-3afd06a218da
1493580780,4.5,0,431a8542-c468-3988-a508-3afd06a218da
1493580840,4.3125,0,431a8542-c468-3988-a508-3afd06a218da
1493580900,4.375,0,431a8542-c468-3988-a508-3afd06a218da
1493580960,4.375,0,431a8542-c468-3988-a508-3afd06a218da
1493581020,4.125,0,431a8542-c468-3988-a508-3afd06a218da
1493581080,4.1875,0,431a8542-c468-3988-a508-3afd06a218da
1493581140,4.25,0,431a8542-c468-3988-a508-3afd06a218da
1493581200,4.25,0,431a8542-c468-3988-a508-3afd06a218da
1493581260,4.5625,0,431a8542-c468-3988-a508-3afd06a218da
1493581320,4.4375,0,431a8542-c468-3988-a508-3afd06a218da
1493581380,4.5,0,431a8542-c468-3988-a508-3afd06a218da
1493581440,4.4375,0,431a8542-c468-3988-a508-3afd06a218da
1493581500,4.75,0,431a8542-c468-3988-a508-3afd06a218da
1493581560,4.5625,0,431a8542-c468-3988-a508-3afd06a218da
1493581620,4.5,0,431a8542-c468-3988-a508-3afd06a218da
1493581680,4.4375,0,431a8542-c468-3988-a508-3afd06a218da
1493581740,4.4375,0,431a8542-c468-3988-a508-3afd06a218da
1493581800,4.4375,0,431a8542-c468-3988-a508-3afd06a218da
1493581860,4.5625,0,431a8542-c468-3988-a508-3afd06a218da
1493581920,4.5,0,431a8542-c468-3988-a508-3afd06a218da
1493581980,4.375,0,431a8542-c468-3988-a508-3afd06a218da
1493582040,4.1875,0,431a8542-c468-3988-a508-3afd06a218da
1493582100,4.6875,0,431a8542-c468-3988-a508-3afd06a218da
1493582160,4.625,0,431a8542-c468-3988-a508-3afd06a218da
1493582220,4.625,0,431a8542-c468-3988-a508-3afd06a218da
1493582280,4.625,0,431a8542-c468-3988-a508-3afd06a218da
1493582340,4.5,0,431a8542-c468-3988-a508-3afd06a218da
1493582400,4.4375,0,431a8542-c468-3988-a508-3afd06a218da
1493582460,4.5,0,431a8542-c468-3988-a508-3afd06a218da
1493582520,4.375,0,431a8542-c468-3988-a508-3afd06a218da
1493582580,4.5625,0,431a8542-c468-3988-a508-3afd06a218da
1493582640,4.625,0,431a8542-c468-3988-a508-3afd06a218da
1493582700,4.625,0,431a8542-c468-3988-a508-3afd06a218da
1493582760,4.5,0,431a8542-c468-3988-a508-3afd06a218da
1493582820,4.4375,0,431a8542-c468-3988-a508-3afd06a218da
1493582880,4.6875,0,431a8542-c468-3988-a508-3afd06a218da
1493582940,4.5625,0,431a8542-c468-3988-a508-3afd06a218da
1493583000,4.5,0,431a8542-c468-3988-a508-3afd06a218da
1493583060,4.375,0,431a8542-c468-3988-a508-3afd06a218da
1493583120,4.25,0,431a8542-c468-3988-a508-3afd06a218da
1493583180,4.25,0,431a8542-c468-3988-a508-3afd06a218da
1493583240,4.3125,0,431a8542-c468-3988-a508-3afd06a218da
1493583300,4.4375,0,431a8542-c468-3988-a508-3afd06a218da
1493583360,4.625,0,431a8542-c468-3988-a508-3afd06a218da
1493583420,4.375,0,431a8542-c468-3988-a508-3afd06a218da
1493583480,4.5625,0,431a8542-c468-3988-a508-3afd06a218da
1493583540,4.3125,0,431a8542-c468-3988-a508-3afd06a218da
1493583600,4.4375,0,431a8542-c468-3988-a508-3afd06a218da
1493583660,4.4375,0,431a8542-c468-3988-a508-3afd06a218da
1493583720,4.5,0,431a8542-c468-3988-a508-3afd06a218da
1493583780,4.875,0,431a8542-c468-3988-a508-3afd06a218da
1493583840,4.6875,0,431a8542-c468-3988-a508-3afd06a218da
1493583900,4.5625,0,431a8542-c468-3988-a508-3afd06a218da
1493583960,4.6875,0,431a8542-c468-3988-a508-3afd06a218da
1493584020,4.5,0,431a8542-c468-3988-a508-3afd06a218da
1493584080,4.625,0,431a8542-c468-3988-a508-3afd06a218da
1493584140,4.6875,0,431a8542-c468-3988-a508-3afd06a218da
1493584200,4.4375,0,431a8542-c468-3988-a508-3afd06a218da
1493584260,4.75,0,431a8542-c468-3988-a508-3afd06a218da
1493584320,4.5625,0,431a8542-c468-3988-a508-3afd06a218da
1493584380,4.5625,0,431a8542-c468-3988-a508-3afd06a218da
1493584440,4.75,0,431a8542-c468-3988-a508-3afd06a218da
1493584500,4.6875,0,431a8542-c468-3988-a508-3afd06a218da
1493584560,4.625,0,431a8542-c468-3988-a508-3afd06a218da
1493584620,4.6875,0,431a8542-c468-3988-a508-3afd06a218da
1493584680,4.6875,0,431a8542-c468-3988-a508-3afd06a218da
1493584740,4.4375,0,431a8542-c468-3988-a508-3afd06a218da
1493584800,5.0,0,431a8542-c468-3988-a508-3afd06a218da
1493584860,4.8125,0,431a8542-c468-3988-a508-3afd06a218da
1493584920,4.8125,0,431a8542-c468-3988-a508-3afd06a218da
1493584980,4.5,0,431a8542-c468-3988-a508-3afd06a218da
1493585040,4.5,0,431a8542-c468-3988-a508-3afd06a218da
1493585100,4.625,0,431a8542-c468-3988-a508-3afd06a218da
1493585160,4.75,0,431a8542-c468-3988-a508-3afd06a218da
1493585220,4.6875,0,431a8542-c468-3988-a508-3afd06a218da
1493585280,4.875,0,431a8542-c468-3988-a508-3afd06a218da
1493585340,4.75,0,431a8542-c468-3988-a508-3afd06a218da
1493585400,4.6875,0,431a8542-c468-3988-a508-3afd06a218da
1493585460,4.5625,0,431a8542-c468-3988-a508-3afd06a218da
1493585520,4.6875,0,431a8542-c468-3988-a508-3afd06a218da
1493585580,4.75,0,431a8542-c468-3988-a508-3afd06a218da
1493585640,4.6875,0,431a8542-c468-3988-a508-3afd06a218da
1493585700,4.75,0,431a8542-c468-3988-a508-3afd06a218da
1493585760,4.8125,0,431a8542-c468-3988-a508-3afd06a218da
1493585820,4.625,0,431a8542-c468-3988-a508-3afd06a218da
1493585880,4.6875,0,431a8542-c468-3988-a508-3afd06a218da
1493585940,4.625,0,431a8542-c468-3988-a508-3afd06a218da
1493586000,4.875,0,431a8542-c468-3988-a508-3afd06a218da
1493586060,4.5,0,431a8542-c468-3988-a508-3afd06a218da
1493586120,4.5625,0,431a8542-c468-3988-a508-3afd06a218da
1493586180,4.75,0,431a8542-c468-3988-a508-3afd06a218da
1493586240,4.5625,0,431a8542-c468-3988-a508-3afd06a218da
1493586300,4.6875,0,431a8542-c468-3988-a508-3afd06a218da
1493586360,4.75,0,431a8542-c468-3988-a508-3afd06a218da
1493586420,4.875,0,431a8542-c468-3988-a508-3afd06a218da
1493586480,4.875,0,431a8542-c468-3988-a508-3afd06a218da
1493586540,4.875,0,431a8542-c468-3988-a508-3afd06a218da
1493586600,4.625,0,431a8542-c468-3988-a508-3afd06a218da
1493586660,4.8125,0,431a8542-c468-3988-a508-3afd06a218da
1493586720,4.8125,0,431a8542-c468-3988-a508-3afd06a218da
1493586780,4.9375,0,431a8542-c468-3988-a508-3afd06a218da
1493586840,4.9375,0,431a8542-c468-3988-a508-3afd06a218da
1493586900,4.75,0,431a8542-c468-3988-a508-3afd06a218da
1493586960,4.875,0,431a8542-c468-3988-a508-3afd06a218da
1493587020,4.9375,0,431a8542-c468-3988-a508-3afd06a218da
1493587080,4.8125,0,431a8542-c468-3988-a508-3afd06a218da
1493587140,4.8125,0,431a8542-c468-3988-a508-3afd06a218da
1493587200,4.875,0,431a8542-c468-3988-a508-3afd06a218da
1493587260,4.6875,0,431a8542-c468-3988-a508-3afd06a218da
1493587320,5.0,0,431a8542-c468-3988-a508-3afd06a218da
1493587380,4.9375,0,431a8542-c468-3988-a508-3afd06a218da
1493587440,4.6875,0,431a8542-c468-3988-a508-3afd06a218da
1493587500,4.75,0,431a8542-c468-3988-a508-3afd06a218da
1493587560,4.875,0,431a8542-c468-3988-a508-3afd06a218da
1493587620,4.75,0,431a8542-c468-3988-a508-3afd06a218da
1493587680,4.9375,0,431a8542-c468-3988-a508-3afd06a218da
1493587740,5.0,0,431a8542-c468-3988-a508-3afd06a218da
1493587800,4.875,0,431a8542-c468-3988-a508-3afd06a218da
1493587860,5.0625,0,431a8542-c468-3988-a508-3afd06a218da
1493587920,4.9375,0,431a8542-c468-3988-a508-3afd06a218da
1493587980,5.0,0,431a8542-c468-3988-a508-3afd06a218da
1493588040,4.75,0,431a8542-c468-3988-a508-3afd06a218da
1493588100,4.9375,0,431a8542-c468-3988-a508-3afd06a218da
1493588160,4.9375,0,431a8542-c468-3988-a508-3afd06a218da
1493588220,5.0,0,431a8542-c468-3988-a508-3afd06a218da
1493588280,4.9375,0,431a8542-c468-3988-a508-3afd06a218da
1493588340,4.9375,0,431a8542-c468-3988-a508-3afd06a218da
1493588400,4.9375,0,431a8542-c468-3988-a508-3afd06a218da
1493588460,4.9375,0,431a8542-c468-3988-a508-3afd06a218da
1493588520,4.875,0,431a8542-c468-3988-a508-3afd06a218da
1493588580,5.125,0,431a8542-c468-3988-a508-3afd06a218da
1493588640,4.875,0,431a8542-c468-3988-a508-3afd06a218da
1493588700,5.0,0,431a8542-c468-3988-a508-3afd06a218da
1493588760,5.0625,0,431a8542-c468-3988-a508-3afd06a218da
1493588820,5.0625,0,431a8542-c468-3988-a508-3afd06a218da
1493588880,4.9375,0,431a8542-c468-3988-a508-3afd06a218da
1493588940,5.0625,0,431a8542-c468-3988-a508-3afd06a218da
1493589000,4.9375,0,431a8542-c468-3988-a508-3afd06a218da
1493589060,4.9375,0,431a8542-c468-3988-a508-3afd06a218da
1493589120,5.0625,0,431a8542-c468-3988-a508-3afd06a218da
1493589180,5.0,0,431a8542-c468-3988-a508-3afd06a218da
1493589240,5.1875,0,431a8542-c468-3988-a508-3afd06a218da
1493589300,5.125,0,431a8542-c468-3988-a508-3afd06a218da
1493589360,4.9375,0,431a8542-c468-3988-a508-3afd06a218da
1493589420,5.0,0,431a8542-c468-3988-a508-3afd06a218da
1493589480,5.1875,0,431a8542-c468-3988-a508-3afd06a218da
1493589540,5.125,0,431a8542-c468-3988-a508-3afd06a218da
1493589600,5.0625,0,431a8542-c468-3988-a508-3afd06a218da
1493589660,5.125,0,431a8542-c468-3988-a508-3afd06a218da
1493589720,4.9375,0,431a8542-c468-3988-a508-3afd06a218da
1493589780,4.9375,0,431a8542-c468-3988-a508-3afd06a218da
1493589840,5.125,0,431a8542-c468-3988-a508-3afd06a218da
1493589900,5.0625,0,431a8542-c468-3988-a508-3afd06a218da
1493589960,5.0,0,431a8542-c468-3988-a508-3afd06a218da
1493590020,4.9375,0,431a8542-c468-3988-a508-3afd06a218da
1493590080,5.125,0,431a8542-c468-3988-a508-3afd06a218da
1493590140,5.125,0,431a8542-c468-3988-a508-3afd06a218da
1493590200,5.1875,0,431a8542-c468-3988-a508-3afd06a218da
1493590260,5.1875,0,431a8542-c468-3988-a508-3afd06a218da
1493590320,5.25,0,431a8542-c468-3988-a508-3afd06a218da
1493590380,5.1875,0,431a8542-c468-3988-a508-3afd06a218da
1493590440,5.1875,0,431a8542-c468-3988-a508-3afd06a218da
1493590500,5.125,0,431a8542-c468-3988-a508-3afd06a218da
1493590560,5.125,0,431a8542-c468-3988-a508-3afd06a218da
1493590620,4.9375,0,431a8542-c468-3988-a508-3afd06a218da
1493590680,5.0,0,431a8542-c468-3988-a508-3afd06a218da
1493590740,5.25,0,431a8542-c468-3988-a508-3afd06a218da
1493590800,5.25,0,431a8542-c468-3988-a508-3afd06a218da
1493590860,5.0,0,431a8542-c468-3988-a508-3afd06a218da
1493590920,5.1875,0,431a8542-c468-3988-a508-3afd06a218da
1493590980,5.125,0,431a8542-c468-3988-a508-3afd06a218da
1493591040,5.3125,0,431a8542-c468-3988-a508-3afd06a218da
1493591100,5.375,0,431a8542-c468-3988-a508-3afd06a218da
1493591160,5.25,0,431a8542-c468-3988-a508-3afd06a218da
1493591220,5.3125,0,431a8542-c468-3988-a508-3afd06a218da
1493591280,5.3125,0,431a8542-c468-3988-a508-3afd06a218da
1493591340,5.5,0,431a8542-c468-3988-a508-3afd06a218da
1493591400,5.3125,0,431a8542-c468-3988-a508-3afd06a218da
1493591460,5.1875,0,431a8542-c468-3988-a508-3afd06a218da
1493591520,5.25,0,431a8542-c468-3988-a508-3afd06a218da
1493591580,5.5625,0,431a8542-c468-3988-a508-3afd06a218da
1493591640,5.25,0,431a8542-c468-3988-a508-3afd06a218da
1493591700,5.3125,0,431a8542-c468-3988-a508-3afd06a218da
1493591760,5.5,0,431a8542-c468-3988-a508-3afd06a218da
1493591820,5.5,0,431a8542-c468-3988-a508-3afd06a218da
1493591880,5.3125,0,431a8542-c468-3988-a508-3afd06a218da
1493591940,5.3125,0,431a8542-c468-3988-a508-3afd06a218da
1493592000,5.5,0,431a8542-c468-3988-a508-3afd06a218da
1493592060,5.625,0,431a8542-c468-3988-a508-3afd06a218da
1493592120,5.6875,0,431a8542-c468-3988-a508-3afd06a218da
1493592180,5.625,0,431a8542-c468-3988-a508-3afd06a218da
1493592240,5.75,0,431a8542-c468-3988-a508-3afd06a218da
1493592300,5.5,0,431a8542-c468-3988-a508-3afd06a218da
1493592360,5.625,0,431a8542-c468-3988-a508-3afd06a218da
1493592420,5.5625,0,431a8542-c468-3988-a508-3afd06a218da
1493592480,5.5625,0,431a8542-c468-3988-a508-3afd06a218da
1493592540,5.3125,0,431a8542-c468-3988-a508-3afd06a218da
1493592600,5.5625,0,431a8542-c468-3988-a508-3afd06a218da
1493592660,5.5,0,431a8542-c468-3988-a508-3afd06a218da
1493592720,5.5625,0,431a8542-c468-3988-a508-3afd06a218da
1493592780,5.75,0,431a8542-c468-3988-a508-3afd06a218da
1493592840,5.6875,0,431a8542-c468-3988-a508-3afd06a218da
1493592900,5.625,0,431a8542-c468-3988-a508-3afd06a218da
1493592960,5.5,0,431a8542-c468-3988-a508-3afd06a218da
1493593020,5.75,0,431a8542-c468-3988-a508-3afd06a218da
1493593080,5.625,0,431a8542-c468-3988-a508-3afd06a218da
1493593140,5.8125,0,431a8542-c468-3988-a508-3afd06a218da
1493593200,5.5,0,431a8542-c468-3988-a508-3afd06a218da
1493593260,5.375,0,431a8542-c468-3988-a508-3afd06a218da
1493593320,5.625,0,431a8542-c468-3988-a508-3afd06a218da
1493593380,5.6875,0,431a8542-c468-3988-a508-3afd06a218da
1493593440,5.5625,0,431a8542-c468-3988-a508-3afd06a218da
1493593500,5.5625,0,431a8542-c468-3988-a508-3afd06a218da
1493593560,5.3125,0,431a8542-c468-3988-a508-3afd06a218da
1493593620,5.625,0,431a8542-c468-3988-a508-3afd06a218da
1493593680,5.8125,0,431a8542-c468-3988-a508-3afd06a218da
1493593740,5.625,0,431a8542-c468-3988-a508-3afd06a218da
1493593800,5.75,0,431a8542-c468-3988-a508-3afd06a218da
1493593860,5.75,0,431a8542-c468-3988-a508-3afd06a218da
1493593920,5.625,0,431a8542-c468-3988-a508-3afd06a218da
1493593980,5.8000001907300005,0,431a8542-c468-3988-a508-3afd06a218da
1493594040,5.6875,0,431a8542-c468-3988-a508-3afd06a218da
1493594100,5.8125,0,431a8542-c468-3988-a508-3afd06a218da
1493594160,5.875,0,431a8542-c468-3988-a508-3afd06a218da
1493594220,5.8125,0,431a8542-c468-3988-a508-3afd06a218da
1493594280,5.8125,0,431a8542-c468-3988-a508-3afd06a218da
1493594340,5.75,0,431a8542-c468-3988-a508-3afd06a218da
1493594400,5.5625,0,431a8542-c468-3988-a508-3afd06a218da
1493594460,5.875,0,431a8542-c468-3988-a508-3afd06a218da
1493594520,5.75,0,431a8542-c468-3988-a508-3afd06a218da
1493594580,5.75,0,431a8542-c468-3988-a508-3afd06a218da
1493594640,5.75,0,431a8542-c468-3988-a508-3afd06a218da
1493594700,6.125,0,431a8542-c468-3988-a508-3afd06a218da
1493594760,5.5625,0,431a8542-c468-3988-a508-3afd06a218da
1493594820,5.875,0,431a8542-c468-3988-a508-3afd06a218da
1493594880,5.8125,0,431a8542-c468-3988-a508-3afd06a218da
1493594940,5.75,0,431a8542-c468-3988-a508-3afd06a218da
1493595000,5.8125,0,431a8542-c468-3988-a508-3afd06a218da
1493595060,5.875,0,431a8542-c468-3988-a508-3afd06a218da
1493595120,5.9375,0,431a8542-c468-3988-a508-3afd06a218da
1493595180,6.0,0,431a8542-c468-3988-a508-3afd06a218da
1493595240,5.8125,0,431a8542-c468-3988-a508-3afd06a218da
1493595300,5.9375,0,431a8542-c468-3988-a508-3afd06a218da
1493595360,5.875,0,431a8542-c468-3988-a508-3afd06a218da
1493595420,6.125,0,431a8542-c468-3988-a508-3afd06a218da
1493595480,5.875,0,431a8542-c468-3988-a508-3afd06a218da
1493595540,5.875,0,431a8542-c468-3988-a508-3afd06a218da
1493595600,5.8125,0,431a8542-c468-3988-a508-3afd06a218da
1493595660,5.9375,0,431a8542-c468-3988-a508-3afd06a218da
1493595720,6.125,0,431a8542-c468-3988-a508-3afd06a218da
1493595780,6.0625,0,431a8542-c468-3988-a508-3afd06a218da
1493595840,6.125,0,431a8542-c468-3988-a508-3afd06a218da
1493595900,6.0,0,431a8542-c468-3988-a508-3afd06a218da
1493595960,6.125,0,431a8542-c468-3988-a508-3afd06a218da
1493596020,6.25,0,431a8542-c468-3988-a508-3afd06a218da
1493596080,6.125,0,431a8542-c468-3988-a508-3afd06a218da
1493596140,6.1875,0,431a8542-c468-3988-a508-3afd06a218da
1493596200,6.0625,0,431a8542-c468-3988-a508-3afd06a218da
1493596260,6.3125,0,431a8542-c468-3988-a508-3afd06a218da
1493596320,6.25,0,431a8542-c468-3988-a508-3afd06a218da
1493596380,6.0625,0,431a8542-c468-3988-a508-3afd06a218da
1493596440,6.0,0,431a8542-c468-3988-a508-3afd06a218da
1493596500,6.0625,0,431a8542-c468-3988-a508-3afd06a218da
1493596560,5.9375,0,431a8542-c468-3988-a508-3afd06a218da
1493596620,6.0,0,431a8542-c468-3988-a508-3afd06a218da
1493596680,6.125,0,431a8542-c468-3988-a508-3afd06a218da
1493596740,6.0625,0,431a8542-c468-3988-a508-3afd06a218da
1493596800,5.9375,0,431a8542-c468-3988-a508-3afd06a218da
1493596860,5.9375,0,431a8542-c468-3988-a508-3afd06a218da
1493596920,6.3125,0,431a8542-c468-3988-a508-3afd06a218da
1493596980,6.0625,0,431a8542-c468-3988-a508-3afd06a218da
1493597040,6.0,0,431a8542-c468-3988-a508-3afd06a218da
1493597100,6.3125,0,431a8542-c468-3988-a508-3afd06a218da
1493597160,6.25,0,431a8542-c468-3988-a508-3afd06a218da
1493597220,6.3125,0,431a8542-c468-3988-a508-3afd06a218da
1493597280,6.1875,0,431a8542-c468-3988-a508-3afd06a218da
1493597340,6.0,0,431a8542-c468-3988-a508-3afd06a218da
1493597400,6.0,0,431a8542-c468-3988-a508-3afd06a218da
1493597460,6.25,0,431a8542-c468-3988-a508-3afd06a218da
1493597520,6.625,0,431a8542-c468-3988-a508-3afd06a218da
1493597580,6.4375,0,431a8542-c468-3988-a508-3afd06a218da
1493597640,6.25,0,431a8542-c468-3988-a508-3afd06a218da
1493597700,6.3125,0,431a8542-c468-3988-a508-3afd06a218da
1493597760,6.4375,0,431a8542-c468-3988-a508-3afd06a218da
1493597820,6.0625,0,431a8542-c468-3988-a508-3afd06a218da
1493597880,6.5,0,431a8542-c468-3988-a508-3afd06a218da
1493597940,6.1875,0,431a8542-c468-3988-a508-3afd06a218da
1493598000,6.3125,0,431a8542-c468-3988-a508-3afd06a218da
1493598060,6.25,0,431a8542-c468-3988-a508-3afd06a218da
1493598120,6.75,0,431a8542-c468-3988-a508-3afd06a218da
1493598180,6.4375,0,431a8542-c468-3988-a508-3afd06a218da
1493598240,6.4375,0,431a8542-c468-3988-a508-3afd06a218da
1493598300,6.1875,0,431a8542-c468-3988-a508-3afd06a218da
1493598360,6.375,0,431a8542-c468-3988-a508-3afd06a218da
1493598420,6.0625,0,431a8542-c468-3988-a508-3afd06a218da
1493598480,6.1333332061800006,0,431a8542-c468-3988-a508-3afd06a218da
1493598540,6.125,0,431a8542-c468-3988-a508-3afd06a218da
1493598600,6.25,0,431a8542-c468-3988-a508-3afd06a218da
1493598660,6.3125,0,431a8542-c468-3988-a508-3afd06a218da
1493598720,6.625,0,431a8542-c468-3988-a508-3afd06a218da
1493598780,6.8125,0,431a8542-c468-3988-a508-3afd06a218da
1493598840,6.6875,0,431a8542-c468-3988-a508-3afd06a218da
1493598900,6.75,0,431a8542-c468-3988-a508-3afd06a218da
1493598960,6.5625,0,431a8542-c468-3988-a508-3afd06a218da
1493599020,6.5,0,431a8542-c468-3988-a508-3afd06a218da
1493599080,6.4375,0,431a8542-c468-3988-a508-3afd06a218da
1493599140,6.6875,0,431a8542-c468-3988-a508-3afd06a218da
1493599200,6.6875,0,431a8542-c468-3988-a508-3afd06a218da
1493599260,6.5625,0,431a8542-c468-3988-a508-3afd06a218da
1493599320,6.625,0,431a8542-c468-3988-a508-3afd06a218da
1493599380,6.6875,0,431a8542-c468-3988-a508-3afd06a218da
1493599440,6.75,0,431a8542-c468-3988-a508-3afd06a218da
1493599500,6.5,0,431a8542-c468-3988-a508-3afd06a218da
1493599560,6.75,0,431a8542-c468-3988-a508-3afd06a218da
1493599620,6.625,0,431a8542-c468-3988-a508-3afd06a218da
1493599680,6.5,0,431a8542-c468-3988-a508-3afd06a218da
1493599740,6.4375,0,431a8542-c468-3988-a508-3afd06a218da
1493599800,6.5,0,431a8542-c468-3988-a508-3afd06a218da
1493599860,6.5625,0,431a8542-c468-3988-a508-3afd06a218da
1493599920,6.625,0,431a8542-c468-3988-a508-3afd06a218da
1493599980,6.4375,0,431a8542-c468-3988-a508-3afd06a218da
1493600040,6.6875,0,431a8542-c468-3988-a508-3afd06a218da
1493600100,6.5625,0,431a8542-c468-3988-a508-3afd06a218da
1493600160,6.4375,0,431a8542-c468-3988-a508-3afd06a218da
1493600220,6.6875,0,431a8542-c468-3988-a508-3afd06a218da
1493600280,6.5,0,431a8542-c468-3988-a508-3afd06a218da
1493600340,6.5625,0,431a8542-c468-3988-a508-3afd06a218da
1493600400,6.75,0,431a8542-c468-3988-a508-3afd06a218da
1493600460,6.5625,0,431a8542-c468-3988-a508-3afd06a218da
1493600520,6.5625,0,431a8542-c468-3988-a508-3afd06a218da
1493600580,6.8125,0,431a8542-c468-3988-a508-3afd06a218da
1493600640,6.5625,0,431a8542-c468-3988-a508-3afd06a218da
1493600700,6.4375,0,431a8542-c468-3988-a508-3afd06a218da
1493600760,6.5,0,431a8542-c468-3988-a508-3afd06a218da
1493600820,6.8125,0,431a8542-c468-3988-a508-3afd06a218da
1493600880,6.5625,0,431a8542-c468-3988-a508-3afd06a218da
1493600940,6.5,0,431a8542-c468-3988-a508-3afd06a218da
1493601000,6.5,0,431a8542-c468-3988-a508-3afd06a218da
1493601060,6.6875,0,431a8542-c468-3988-a508-3afd06a218da
1493601120,6.75,0,431a8542-c468-3988-a508-3afd06a218da
1493601180,6.5,0,431a8542-c468-3988-a508-3afd06a218da
1493601240,6.6875,0,431a8542-c468-3988-a508-3afd06a218da
1493601300,6.6875,0,431a8542-c468-3988-a508-3afd06a218da
1493601360,6.625,0,431a8542-c468-3988-a508-3afd06a218da
1493601420,6.625,0,431a8542-c468-3988-a508-3afd06a218da
1493601480,6.75,0,431a8542-c468-3988-a508-3afd06a218da
1493601540,6.625,0,431a8542-c468-3988-a508-3afd06a218da
1493601600,6.6875,0,431a8542-c468-3988-a508-3afd06a218da
1493601660,6.8125,0,431a8542-c468-3988-a508-3afd06a218da
1493601720,6.5625,0,431a8542-c468-3988-a508-3afd06a218da
1493601780,6.6875,0,431a8542-c468-3988-a508-3afd06a218da
1493601840,6.625,0,431a8542-c468-3988-a508-3afd06a218da
1493601900,6.9375,0,431a8542-c468-3988-a508-3afd06a218da
1493601960,6.8125,0,431a8542-c468-3988-a508-3afd06a218da
1493602020,6.8125,0,431a8542-c468-3988-a508-3afd06a218da
1493602080,6.6875,0,431a8542-c468-3988-a508-3afd06a218da
1493602140,6.8125,0,431a8542-c468-3988-a508-3afd06a218da
1493602200,6.75,0,431a8542-c468-3988-a508-3afd06a218da
1493602260,6.8125,0,431a8542-c468-3988-a508-3afd06a218da
1493602320,6.875,0,431a8542-c468-3988-a508-3afd06a218da
1493602380,6.75,0,431a8542-c468-3988-a508-3afd06a218da
1493602440,6.75,0,431a8542-c468-3988-a508-3afd06a218da
1493602500,6.6875,0,431a8542-c468-3988-a508-3afd06a218da
1493602560,6.875,0,431a8542-c468-3988-a508-3afd06a218da
1493602620,6.8125,0,431a8542-c468-3988-a508-3afd06a218da
1493602680,6.8125,0,431a8542-c468-3988-a508-3afd06a218da
1493602740,6.8125,0,431a8542-c468-3988-a508-3afd06a218da
1493602800,6.6875,0,431a8542-c468-3988-a508-3afd06a218da
1493602860,6.625,0,431a8542-c468-3988-a508-3afd06a218da
1493602920,6.6875,0,431a8542-c468-3988-a508-3afd06a218da
1493602980,6.625,0,431a8542-c468-3988-a508-3afd06a218da
1493603040,6.9375,0,431a8542-c468-3988-a508-3afd06a218da
1493603100,6.6875,0,431a8542-c468-3988-a508-3afd06a218da
1493603160,6.875,0,431a8542-c468-3988-a508-3afd06a218da
1493603220,6.9375,0,431a8542-c468-3988-a508-3afd06a218da
1493603280,6.875,0,431a8542-c468-3988-a508-3afd06a218da
1493603340,6.8125,0,431a8542-c468-3988-a508-3afd06a218da
1493603400,6.875,0,431a8542-c468-3988-a508-3afd06a218da
1493603460,6.8125,0,431a8542-c468-3988-a508-3afd06a218da
1493603520,6.9375,0,431a8542-c468-3988-a508-3afd06a218da
1493603580,7.0625,0,431a8542-c468-3988-a508-3afd06a218da
1493603640,6.75,0,431a8542-c468-3988-a508-3afd06a218da
1493603700,7.0,0,431a8542-c468-3988-a508-3afd06a218da
1493603760,6.8125,0,431a8542-c468-3988-a508-3afd06a218da
1493603820,6.6875,0,431a8542-c468-3988-a508-3afd06a218da
1493603880,6.9375,0,431a8542-c468-3988-a508-3afd06a218da
1493603940,6.875,0,431a8542-c468-3988-a508-3afd06a218da
1493604000,7.0,0,431a8542-c468-3988-a508-3afd06a218da
1493604060,6.875,0,431a8542-c468-3988-a508-3afd06a218da
1493604120,6.75,0,431a8542-c468-3988-a508-3afd06a218da
1493604180,6.75,0,431a8542-c468-3988-a508-3afd06a218da
1493604240,6.9375,0,431a8542-c468-3988-a508-3afd06a218da
1493604300,6.9375,0,431a8542-c468-3988-a508-3afd06a218da
1493604360,6.875,0,431a8542-c468-3988-a508-3afd06a218da
1493604420,7.125,0,431a8542-c468-3988-a508-3afd06a218da
1493604480,7.0,0,431a8542-c468-3988-a508-3afd06a218da
1493604540,6.9375,0,431a8542-c468-3988-a508-3afd06a218da
1493604600,6.875,0,431a8542-c468-3988-a508-3afd06a218da
1493604660,7.125,0,431a8542-c468-3988-a508-3afd06a218da
1493604720,6.9375,0,431a8542-c468-3988-a508-3afd06a218da
1493604780,6.9375,0,431a8542-c468-3988-a508-3afd06a218da
1493604840,6.875,0,431a8542-c468-3988-a508-3afd06a218da
1493604900,7.0,0,431a8542-c468-3988-a508-3afd06a218da
1493604960,7.125,0,431a8542-c468-3988-a508-3afd06a218da
1493605020,7.0,0,431a8542-c468-3988-a508-3afd06a218da
1493605080,6.9375,0,431a8542-c468-3988-a508-3afd06a218da
1493605140,7.125,0,431a8542-c468-3988-a508-3afd06a218da
1493605200,7.0,0,431a8542-c468-3988-a508-3afd06a218da
1493605260,7.1875,0,431a8542-c468-3988-a508-3afd06a218da
1493605320,7.3125,0,431a8542-c468-3988-a508-3afd06a218da
1493605380,7.1875,0,431a8542-c468-3988-a508-3afd06a218da
1493605440,7.125,0,431a8542-c468-3988-a508-3afd06a218da
1493605500,7.25,0,431a8542-c468-3988-a508-3afd06a218da
1493605560,7.0625,0,431a8542-c468-3988-a508-3afd06a218da
1493605620,7.375,0,431a8542-c468-3988-a508-3afd06a218da
1493605680,7.125,0,431a8542-c468-3988-a508-3afd06a218da
1493605740,7.125,0,431a8542-c468-3988-a508-3afd06a218da
1493605800,7.1875,0,431a8542-c468-3988-a508-3afd06a218da
1493605860,7.0,0,431a8542-c468-3988-a508-3afd06a218da
1493605920,6.875,0,431a8542-c468-3988-a508-3afd06a218da
1493605980,7.1875,0,431a8542-c468-3988-a508-3afd06a218da
1493606040,7.0625,0,431a8542-c468-3988-a508-3afd06a218da
1493606100,7.1875,0,431a8542-c468-3988-a508-3afd06a218da
1493606160,7.0,0,431a8542-c468-3988-a508-3afd06a218da
1493606220,7.125,0,431a8542-c468-3988-a508-3afd06a218da
1493606280,7.375,0,431a8542-c468-3988-a508-3afd06a218da
1493606340,7.1875,0,431a8542-c468-3988-a508-3afd06a218da
1493606400,7.25,0,431a8542-c468-3988-a508-3afd06a218da
1493606460,7.5,0,431a8542-c468-3988-a508-3afd06a218da
1493606520,7.3125,0,431a8542-c468-3988-a508-3afd06a218da
1493606580,7.1875,0,431a8542-c468-3988-a508-3afd06a218da
1493606640,7.3125,0,431a8542-c468-3988-a508-3afd06a218da
1493606700,7.0625,0,431a8542-c468-3988-a508-3afd06a218da
1493606760,7.1875,0,431a8542-c468-3988-a508-3afd06a218da
1493606820,7.1875,0,431a8542-c468-3988-a508-3afd06a218da
1493606880,7.125,0,431a8542-c468-3988-a508-3afd06a218da
1493606940,7.3125,0,431a8542-c468-3988-a508-3afd06a218da
1493607000,7.3125,0,431a8542-c468-3988-a508-3afd06a218da
1493607060,7.25,0,431a8542-c468-3988-a508-3afd06a218da
1493607120,7.5,0,431a8542-c468-3988-a508-3afd06a218da
1493607180,7.5625,0,431a8542-c468-3988-a508-3afd06a218da
1493607240,7.4375,0,431a8542-c468-3988-a508-3afd06a218da
1493607300,7.4375,0,431a8542-c468-3988-a508-3afd06a218da
1493607360,7.5,0,431a8542-c468-3988-a508-3afd06a218da
1493607420,7.5,0,431a8542-c468-3988-a508-3afd06a218da
1493607480,7.4375,0,431a8542-c468-3988-a508-3afd06a218da
1493607540,7.375,0,431a8542-c468-3988-a508-3afd06a218da
1493607600,7.5625,0,431a8542-c468-3988-a508-3afd06a218da
1493607660,7.75,0,431a8542-c468-3988-a508-3afd06a218da
1493607720,7.3125,0,431a8542-c468-3988-a508-3afd06a218da
1493607780,7.375,0,431a8542-c468-3988-a508-3afd06a218da
1493607840,7.625,0,431a8542-c468-3988-a508-3afd06a218da
1493607900,7.4375,0,431a8542-c468-3988-a508-3afd06a218da
1493607960,7.5625,0,431a8542-c468-3988-a508-3afd06a218da
1493608020,7.5625,0,431a8542-c468-3988-a508-3afd06a218da
1493608080,7.4375,0,431a8542-c468-3988-a508-3afd06a218da
1493608140,7.5625,0,431a8542-c468-3988-a508-3afd06a218da
1493608200,7.5625,0,431a8542-c468-3988-a508-3afd06a218da
1493608260,7.625,0,431a8542-c468-3988-a508-3afd06a218da
1493608320,7.375,0,431a8542-c468-3988-a508-3afd06a218da
1493608380,7.75,0,431a8542-c468-3988-a508-3afd06a218da
1493608440,7.5625,0,431a8542-c468-3988-a508-3afd06a218da
1493608500,7.8125,0,431a8542-c468-3988-a508-3afd06a218da
1493608560,7.375,0,431a8542-c468-3988-a508-3afd06a218da
1493608620,7.4375,0,431a8542-c468-3988-a508-3afd06a218da
1493608680,7.375,0,431a8542-c468-3988-a508-3afd06a218da
1493608740,7.4375,0,431a8542-c468-3988-a508-3afd06a218da
1493608800,7.625,0,431a8542-c468-3988-a508-3afd06a218da
1493608860,7.625,0,431a8542-c468-3988-a508-3afd06a218da
1493608920,7.5,0,431a8542-c468-3988-a508-3afd06a218da
1493608980,7.5,0,431a8542-c468-3988-a508-3afd06a218da
1493609040,7.375,0,431a8542-c468-3988-a508-3afd06a218da
1493609100,7.6875,0,431a8542-c468-3988-a508-3afd06a218da
1493609160,7.375,0,431a8542-c468-3988-a508-3afd06a218da
1493609220,7.6875,0,431a8542-c468-3988-a508-3afd06a218da
1493609280,7.625,0,431a8542-c468-3988-a508-3afd06a218da
1493609340,7.5,0,431a8542-c468-3988-a508-3afd06a218da
1493609400,7.875,0,431a8542-c468-3988-a508-3afd06a218da
1493609460,7.75,0,431a8542-c468-3988-a508-3afd06a218da
1493609520,7.75,0,431a8542-c468-3988-a508-3afd06a218da
1493609580,7.75,0,431a8542-c468-3988-a508-3afd06a218da
1493609640,7.75,0,431a8542-c468-3988-a508-3afd06a218da
1493609700,7.75,0,431a8542-c468-3988-a508-3afd06a218da
1493609760,7.5625,0,431a8542-c468-3988-a508-3afd06a218da
1493609820,7.75,0,431a8542-c468-3988-a508-3afd06a218da
1493609880,7.625,0,431a8542-c468-3988-a508-3afd06a218da
1493609940,7.5,0,431a8542-c468-3988-a508-3afd06a218da
1493610000,7.5,0,431a8542-c468-3988-a508-3afd06a218da
1493610060,7.875,0,431a8542-c468-3988-a508-3afd06a218da
1493610120,7.6875,0,431a8542-c468-3988-a508-3afd06a218da
1493610180,7.625,0,431a8542-c468-3988-a508-3afd06a218da
1493610240,7.75,0,431a8542-c468-3988-a508-3afd06a218da
1493610300,7.6875,0,431a8542-c468-3988-a508-3afd06a218da
1493610360,7.75,0,431a8542-c468-3988-a508-3afd06a218da
1493610420,7.75,0,431a8542-c468-3988-a508-3afd06a218da
1493610480,7.733333110810001,0,431a8542-c468-3988-a508-3afd06a218da
1493610540,7.9375,0,431a8542-c468-3988-a508-3afd06a218da
1493610600,7.75,0,431a8542-c468-3988-a508-3afd06a218da
1493610660,7.625,0,431a8542-c468-3988-a508-3afd06a218da
1493610720,7.75,0,431a8542-c468-3988-a508-3afd06a218da
1493610780,7.8125,0,431a8542-c468-3988-a508-3afd06a218da
1493610840,7.6875,0,431a8542-c468-3988-a508-3afd06a218da
1493610900,7.75,0,431a8542-c468-3988-a508-3afd06a218da
1493610960,7.6875,0,431a8542-c468-3988-a508-3afd06a218da
1493611020,7.625,0,431a8542-c468-3988-a508-3afd06a218da
1493611080,7.75,0,431a8542-c468-3988-a508-3afd06a218da
1493611140,7.5625,0,431a8542-c468-3988-a508-3afd06a218da
1493611200,7.6875,0,431a8542-c468-3988-a508-3afd06a218da
1493611260,8.0625,0,431a8542-c468-3988-a508-3afd06a218da
1493611320,7.9375,0,431a8542-c468-3988-a508-3afd06a218da
1493611380,8.0,0,431a8542-c468-3988-a508-3afd06a218da
1493611440,8.0,0,431a8542-c468-3988-a508-3afd06a218da
1493611500,7.625,0,431a8542-c468-3988-a508-3afd06a218da
1493611560,7.866666793819999,0,431a8542-c468-3988-a508-3afd06a218da
1493611620,7.625,0,431a8542-c468-3988-a508-3afd06a218da
1493611680,7.6875,0,431a8542-c468-3988-a508-3afd06a218da
1493611740,7.8125,0,431a8542-c468-3988-a508-3afd06a218da
1493611800,7.75,0,431a8542-c468-3988-a508-3afd06a218da
1493611860,7.6875,0,431a8542-c468-3988-a508-3afd06a218da
1493611920,8.0625,0,431a8542-c468-3988-a508-3afd06a218da
1493611980,7.6875,0,431a8542-c468-3988-a508-3afd06a218da
1493612040,7.6875,0,431a8542-c468-3988-a508-3afd06a218da
1493612100,7.9375,0,431a8542-c468-3988-a508-3afd06a218da
1493612160,7.8125,0,431a8542-c468-3988-a508-3afd06a218da
1493612220,7.6875,0,431a8542-c468-3988-a508-3afd06a218da
1493612280,8.0625,0,431a8542-c468-3988-a508-3afd06a218da
1493612340,7.9375,0,431a8542-c468-3988-a508-3afd06a218da
1493612400,8.0,0,431a8542-c468-3988-a508-3afd06a218da
1493612460,8.125,0,431a8542-c468-3988-a508-3afd06a218da
1493612520,7.875,0,431a8542-c468-3988-a508-3afd06a218da
1493612580,8.0,0,431a8542-c468-3988-a508-3afd06a218da
1493612640,8.0,0,431a8542-c468-3988-a508-3afd06a218da
1493612700,7.75,0,431a8542-c468-3988-a508-3afd06a218da
1493612760,7.625,0,431a8542-c468-3988-a508-3afd06a218da
1493612820,8.0,0,431a8542-c468-3988-a508-3afd06a218da
1493612880,7.6875,0,431a8542-c468-3988-a508-3afd06a218da
1493612940,7.9375,0,431a8542-c468-3988-a508-3afd06a218da
1493613000,7.6875,0,431a8542-c468-3988-a508-3afd06a218da
1493613060,7.6875,0,431a8542-c468-3988-a508-3afd06a218da
1493613120,7.5625,0,431a8542-c468-3988-a508-3afd06a218da
1493613180,7.75,0,431a8542-c468-3988-a508-3afd06a218da
1493613240,7.875,0,431a8542-c468-3988-a508-3afd06a218da
1493613300,7.625,0,431a8542-c468-3988-a508-3afd06a218da
1493613360,7.8125,0,431a8542-c468-3988-a508-3afd06a218da
1493613420,7.75,0,431a8542-c468-3988-a508-3afd06a218da
1493613480,7.6875,0,431a8542-c468-3988-a508-3afd06a218da
1493613540,7.5625,0,431a8542-c468-3988-a508-3afd06a218da
1493613600,7.625,0,431a8542-c468-3988-a508-3afd06a218da
1493613660,7.6875,0,431a8542-c468-3988-a508-3afd06a218da
1493613720,7.5625,0,431a8542-c468-3988-a508-3afd06a218da
1493613780,7.5625,0,431a8542-c468-3988-a508-3afd06a218da
1493613840,7.9375,0,431a8542-c468-3988-a508-3afd06a218da
1493613900,7.75,0,431a8542-c468-3988-a508-3afd06a218da
1493613960,7.6875,0,431a8542-c468-3988-a508-3afd06a218da
1493614020,7.5,0,431a8542-c468-3988-a508-3afd06a218da
1493614080,7.75,0,431a8542-c468-3988-a508-3afd06a218da
1493614140,7.8125,0,431a8542-c468-3988-a508-3afd06a218da
1493614200,7.75,0,431a8542-c468-3988-a508-3afd06a218da
1493614260,7.4375,0,431a8542-c468-3988-a508-3afd06a218da
1493614320,7.6875,0,431a8542-c468-3988-a508-3afd06a218da
1493614380,7.625,0,431a8542-c468-3988-a508-3afd06a218da
1493614440,7.400000095369999,0,431a8542-c468-3988-a508-3afd06a218da
1493614500,7.5625,0,431a8542-c468-3988-a508-3afd06a218da
1493614560,7.875,0,431a8542-c468-3988-a508-3afd06a218da
1493614620,7.625,0,431a8542-c468-3988-a508-3afd06a218da
1493614680,7.75,0,431a8542-c468-3988-a508-3afd06a218da
1493614740,7.875,0,431a8542-c468-3988-a508-3afd06a218da
1493614800,7.8125,0,431a8542-c468-3988-a508-3afd06a218da
1493614860,8.0,0,431a8542-c468-3988-a508-3afd06a218da
1493614920,7.6875,0,431a8542-c468-3988-a508-3afd06a218da
1493614980,7.375,0,431a8542-c468-3988-a508-3afd06a218da
1493615040,7.5,0,431a8542-c468-3988-a508-3afd06a218da
1493615100,7.125,0,431a8542-c468-3988-a508-3afd06a218da
1493615160,7.1875,0,431a8542-c468-3988-a508-3afd06a218da
1493615220,7.375,0,431a8542-c468-3988-a508-3afd06a218da
1493615280,7.125,0,431a8542-c468-3988-a508-3afd06a218da
1493615340,7.1875,0,431a8542-c468-3988-a508-3afd06a218da
1493615400,7.4375,0,431a8542-c468-3988-a508-3afd06a218da
1493615460,7.1875,0,431a8542-c468-3988-a508-3afd06a218da
1493615520,7.5,0,431a8542-c468-3988-a508-3afd06a218da
1493615580,7.0625,0,431a8542-c468-3988-a508-3afd06a218da
1493615640,7.25,0,431a8542-c468-3988-a508-3afd06a218da
1493615700,7.625,0,431a8542-c468-3988-a508-3afd06a218da
1493615760,7.375,0,431a8542-c468-3988-a508-3afd06a218da
1493615820,7.4375,0,431a8542-c468-3988-a508-3afd06a218da
1493615880,7.6875,0,431a8542-c468-3988-a508-3afd06a218da
1493615940,7.5,0,431a8542-c468-3988-a508-3afd06a218da
1493616000,7.5,0,431a8542-c468-3988-a508-3afd06a218da
1493616060,7.8125,0,431a8542-c468-3988-a508-3afd06a218da
1493616120,7.3125,0,431a8542-c468-3988-a508-3afd06a218da
1493616180,7.625,0,431a8542-c468-3988-a508-3afd06a218da
1493616240,7.375,0,431a8542-c468-3988-a508-3afd06a218da
1493616300,7.3125,0,431a8542-c468-3988-a508-3afd06a218da
1493616360,7.5625,0,431a8542-c468-3988-a508-3afd06a218da
1493616420,7.3125,0,431a8542-c468-3988-a508-3afd06a218da
1493616480,7.1875,0,431a8542-c468-3988-a508-3afd06a218da
1493616540,7.5,0,431a8542-c468-3988-a508-3afd06a218da
1493616600,7.625,0,431a8542-c468-3988-a508-3afd06a218da
1493616660,7.25,0,431a8542-c468-3988-a508-3afd06a218da
1493616720,7.3125,0,431a8542-c468-3988-a508-3afd06a218da
1493616780,7.375,0,431a8542-c468-3988-a508-3afd06a218da
1493616840,7.1875,0,431a8542-c468-3988-a508-3afd06a218da
1493616900,7.375,0,431a8542-c468-3988-a508-3afd06a218da
1493616960,7.1875,0,431a8542-c468-3988-a508-3afd06a218da
1493617020,7.0625,0,431a8542-c468-3988-a508-3afd06a218da
1493617080,7.0,0,431a8542-c468-3988-a508-3afd06a218da
1493617140,7.25,0,431a8542-c468-3988-a508-3afd06a218da
1493617200,7.125,0,431a8542-c468-3988-a508-3afd06a218da
1493617260,7.3125,0,431a8542-c468-3988-a508-3afd06a218da
1493617320,6.9375,0,431a8542-c468-3988-a508-3afd06a218da
1493617380,7.0625,0,431a8542-c468-3988-a508-3afd06a218da
1493617440,7.1875,0,431a8542-c468-3988-a508-3afd06a218da
1493617500,6.8125,0,431a8542-c468-3988-a508-3afd06a218da
1493617560,6.875,0,431a8542-c468-3988-a508-3afd06a218da
1493617620,6.875,0,431a8542-c468-3988-a508-3afd06a218da
1493617680,7.0,0,431a8542-c468-3988-a508-3afd06a218da
1493617740,7.0,0,431a8542-c468-3988-a508-3afd06a218da
1493617800,7.0625,0,431a8542-c468-3988-a508-3afd06a218da
1493617860,7.0625,0,431a8542-c468-3988-a508-3afd06a218da
1493617920,7.0625,0,431a8542-c468-3988-a508-3afd06a218da
1493617980,7.0625,0,431a8542-c468-3988-a508-3afd06a218da
1493618040,6.875,0,431a8542-c468-3988-a508-3afd06a218da
1493618100,6.875,0,431a8542-c468-3988-a508-3afd06a218da
1493618160,6.9375,0,431a8542-c468-3988-a508-3afd06a218da
1493618220,6.5625,0,431a8542-c468-3988-a508-3afd06a218da
1493618280,6.5,0,431a8542-c468-3988-a508-3afd06a218da
1493618340,6.875,0,431a8542-c468-3988-a508-3afd06a218da
1493618400,6.6875,0,431a8542-c468-3988-a508-3afd06a218da
1493618460,6.75,0,431a8542-c468-3988-a508-3afd06a218da
1493618520,6.875,0,431a8542-c468-3988-a508-3afd06a218da
1493618580,6.75,0,431a8542-c468-3988-a508-3afd06a218da
1493618640,6.625,0,431a8542-c468-3988-a508-3afd06a218da
1493618700,6.4375,0,431a8542-c468-3988-a508-3afd06a218da
1493618760,6.75,0,431a8542-c468-3988-a508-3afd06a218da
1493618820,6.875,0,431a8542-c468-3988-a508-3afd06a218da
1493618880,6.375,0,431a8542-c468-3988-a508-3afd06a218da
1493618940,6.4375,0,431a8542-c468-3988-a508-3afd06a218da
1493619000,6.375,0,431a8542-c468-3988-a508-3afd06a218da
1493619060,6.4375,0,431a8542-c468-3988-a508-3afd06a218da
1493619120,6.4375,0,431a8542-c468-3988-a508-3afd06a218da
1493619180,6.5,0,431a8542-c468-3988-a508-3afd06a218da
1493619240,6.375,0,431a8542-c468-3988-a508-3afd06a218da
1493619300,6.5625,0,431a8542-c468-3988-a508-3afd06a218da
1493619360,6.375,0,431a8542-c468-3988-a508-3afd06a218da
1493619420,6.625,0,431a8542-c468-3988-a508-3afd06a218da
1493619480,6.5625,0,431a8542-c468-3988-a508-3afd06a218da
1493619540,6.3125,0,431a8542-c468-3988-a508-3afd06a218da
1493619600,6.1875,0,431a8542-c468-3988-a508-3afd06a218da
1493619660,6.375,0,431a8542-c468-3988-a508-3afd06a218da
1493619720,6.375,0,431a8542-c468-3988-a508-3afd06a218da
1493619780,6.5625,0,431a8542-c468-3988-a508-3afd06a218da
1493619840,6.3125,0,431a8542-c468-3988-a508-3afd06a218da
1493619900,6.3125,0,431a8542-c468-3988-a508-3afd06a218da
1493619960,6.3125,0,431a8542-c468-3988-a508-3afd06a218da
1493620020,6.125,0,431a8542-c468-3988-a508-3afd06a218da
1493620080,6.1875,0,431a8542-c468-3988-a508-3afd06a218da
1493620140,6.125,0,431a8542-c468-3988-a508-3afd06a218da
1493620200,6.1875,0,431a8542-c468-3988-a508-3afd06a218da
1493620260,6.0,0,431a8542-c468-3988-a508-3afd06a218da
1493620320,6.0,0,431a8542-c468-3988-a508-3afd06a218da
1493620380,6.3125,0,431a8542-c468-3988-a508-3afd06a218da
1493620440,6.0,0,431a8542-c468-3988-a508-3afd06a218da
1493620500,6.0625,0,431a8542-c468-3988-a508-3afd06a218da
1493620560,6.1875,0,431a8542-c468-3988-a508-3afd06a218da
1493620620,5.875,0,431a8542-c468-3988-a508-3afd06a218da
1493620680,6.125,0,431a8542-c468-3988-a508-3afd06a218da
1493620740,5.875,0,431a8542-c468-3988-a508-3afd06a218da
1493620800,5.9375,0,431a8542-c468-3988-a508-3afd06a218da
1493620860,6.0,0,431a8542-c468-3988-a508-3afd06a218da
1493620920,5.8125,0,431a8542-c468-3988-a508-3afd06a218da
1493620980,6.0,0,431a8542-c468-3988-a508-3afd06a218da
1493621040,5.875,0,431a8542-c468-3988-a508-3afd06a218da
1493621100,5.8125,0,431a8542-c468-3988-a508-3afd06a218da
1493621160,5.9375,0,431a8542-c468-3988-a508-3afd06a218da
1493621220,5.875,0,431a8542-c468-3988-a508-3afd06a218da
1493621280,5.8125,0,431a8542-c468-3988-a508-3afd06a218da
1493621340,5.75,0,431a8542-c468-3988-a508-3afd06a218da
1493621400,5.875,0,431a8542-c468-3988-a508-3afd06a218da
1493621460,5.8125,0,431a8542-c468-3988-a508-3afd06a218da
1493621520,5.6875,0,431a8542-c468-3988-a508-3afd06a218da
1493621580,5.6875,0,431a8542-c468-3988-a508-3afd06a218da
1493621640,5.75,0,431a8542-c468-3988-a508-3afd06a218da
1493621700,5.5625,0,431a8542-c468-3988-a508-3afd06a218da
1493621760,5.5625,0,431a8542-c468-3988-a508-3afd06a218da
1493621820,5.5625,0,431a8542-c468-3988-a508-3afd06a218da
1493621880,5.5,0,431a8542-c468-3988-a508-3afd06a218da
1493621940,5.5,0,431a8542-c468-3988-a508-3afd06a218da
1493622000,5.1875,0,431a8542-c468-3988-a508-3afd06a218da
1493622060,5.4375,0,431a8542-c468-3988-a508-3afd06a218da
1493622120,5.375,0,431a8542-c468-3988-a508-3afd06a218da
1493622180,5.375,0,431a8542-c468-3988-a508-3afd06a218da
1493622240,5.625,0,431a8542-c468-3988-a508-3afd06a218da
1493622300,5.4375,0,431a8542-c468-3988-a508-3afd06a218da
1493622360,5.25,0,431a8542-c468-3988-a508-3afd06a218da
1493622420,5.4375,0,431a8542-c468-3988-a508-3afd06a218da
1493622480,5.375,0,431a8542-c468-3988-a508-3afd06a218da
1493622540,5.0625,0,431a8542-c468-3988-a508-3afd06a218da
1493622600,5.25,0,431a8542-c468-3988-a508-3afd06a218da
1493622660,5.125,0,431a8542-c468-3988-a508-3afd06a218da
1493622720,5.3125,0,431a8542-c468-3988-a508-3afd06a218da
1493622780,5.375,0,431a8542-c468-3988-a508-3afd06a218da
1493622840,5.25,0,431a8542-c468-3988-a508-3afd06a218da
1493622900,5.1875,0,431a8542-c468-3988-a508-3afd06a218da
1493622960,5.125,0,431a8542-c468-3988-a508-3afd06a218da
1493623020,5.0625,0,431a8542-c468-3988-a508-3afd06a218da
1493623080,5.0625,0,431a8542-c468-3988-a508-3afd06a218da
1493623140,5.375,0,431a8542-c468-3988-a508-3afd06a218da
1493623200,5.125,0,431a8542-c468-3988-a508-3afd06a218da
1493623260,4.9375,0,431a8542-c468-3988-a508-3afd06a218da
1493623320,4.875,0,431a8542-c468-3988-a508-3afd06a218da
1493623380,4.875,0,431a8542-c468-3988-a508-3afd06a218da
1493623440,5.125,0,431a8542-c468-3988-a508-3afd06a218da
1493623500,5.0625,0,431a8542-c468-3988-a508-3afd06a218da
1493623560,5.0625,0,431a8542-c468-3988-a508-3afd06a218da
1493623620,4.9375,0,431a8542-c468-3988-a508-3afd06a218da
1493623680,5.125,0,431a8542-c468-3988-a508-3afd06a218da
1493623740,4.875,0,431a8542-c468-3988-a508-3afd06a218da
1493623800,5.0,0,431a8542-c468-3988-a508-3afd06a218da
1493623860,4.875,0,431a8542-c468-3988-a508-3afd06a218da
1493623920,4.8125,0,431a8542-c468-3988-a508-3afd06a218da
1493623980,4.875,0,431a8542-c468-3988-a508-3afd06a218da
1493624040,4.9375,0,431a8542-c468-3988-a508-3afd06a218da
1493624100,4.625,0,431a8542-c468-3988-a508-3afd06a218da
1493624160,4.8125,0,431a8542-c468-3988-a508-3afd06a218da
1493624220,4.8125,0,431a8542-c468-3988-a508-3afd06a218da
1493624280,4.75,0,431a8542-c468-3988-a508-3afd06a218da
1493624340,4.75,0,431a8542-c468-3988-a508-3afd06a218da
1493624400,4.75,0,431a8542-c468-3988-a508-3afd06a218da
1493624460,4.875,0,431a8542-c468-3988-a508-3afd06a218da
1493624520,4.625,0,431a8542-c468-3988-a508-3afd06a218da
1493624580,4.5625,0,431a8542-c468-3988-a508-3afd06a218da
1493624640,4.75,0,431a8542-c468-3988-a508-3afd06a218da
1493624700,4.5,0,431a8542-c468-3988-a508-3afd06a218da
1493624760,4.375,0,431a8542-c468-3988-a508-3afd06a218da
1493624820,4.75,0,431a8542-c468-3988-a508-3afd06a218da
1493624880,4.625,0,431a8542-c468-3988-a508-3afd06a218da
1493624940,4.6875,0,431a8542-c468-3988-a508-3afd06a218da
1493625000,4.5625,0,431a8542-c468-3988-a508-3afd06a218da
1493625060,4.6875,0,431a8542-c468-3988-a508-3afd06a218da
1493625120,4.375,0,431a8542-c468-3988-a508-3afd06a218da
1493625180,4.6875,0,431a8542-c468-3988-a508-3afd06a218da
1493625240,4.5625,0,431a8542-c468-3988-a508-3afd06a218da
1493625300,4.5625,0,431a8542-c468-3988-a508-3afd06a218da
1493625360,4.4375,0,431a8542-c468-3988-a508-3afd06a218da
1493625420,4.4375,0,431a8542-c468-3988-a508-3afd06a218da
1493625480,4.4375,0,431a8542-c468-3988-a508-3afd06a218da
1493625540,4.375,0,431a8542-c468-3988-a508-3afd06a218da
1493625600,4.3125,0,431a8542-c468-3988-a508-3afd06a218da
1493625660,4.4375,0,431a8542-c468-3988-a508-3afd06a218da
1493625720,4.3125,0,431a8542-c468-3988-a508-3afd06a218da
1493625780,4.375,0,431a8542-c468-3988-a508-3afd06a218da
1493625840,4.3125,0,431a8542-c468-3988-a508-3afd06a218da
1493625900,4.1875,0,431a8542-c468-3988-a508-3afd06a218da
1493625960,4.4375,0,431a8542-c468-3988-a508-3afd06a218da
1493626020,4.3125,0,431a8542-c468-3988-a508-3afd06a218da
1493626080,4.3125,0,431a8542-c468-3988-a508-3afd06a218da
1493626140,4.1875,0,431a8542-c468-3988-a508-3afd06a218da
1493626200,4.3125,0,431a8542-c468-3988-a508-3afd06a218da
1493626260,4.25,0,431a8542-c468-3988-a508-3afd06a218da
1493626320,4.1875,0,431a8542-c468-3988-a508-3afd06a218da
1493626380,4.25,0,431a8542-c468-3988-a508-3afd06a218da
1493626440,4.125,0,431a8542-c468-3988-a508-3afd06a218da
1493626500,4.0625,0,431a8542-c468-3988-a508-3afd06a218da
1493626560,4.1875,0,431a8542-c468-3988-a508-3afd06a218da
1493626620,4.25,0,431a8542-c468-3988-a508-3afd06a218da
1493626680,4.1875,0,431a8542-c468-3988-a508-3afd06a218da
1493626740,4.1875,0,431a8542-c468-3988-a508-3afd06a218da
1493626800,4.1875,0,431a8542-c468-3988-a508-3afd06a218da
1493626860,4.125,0,431a8542-c468-3988-a508-3afd06a218da
1493626920,4.0,0,431a8542-c468-3988-a508-3afd06a218da
1493626980,4.1875,0,431a8542-c468-3988-a508-3afd06a218da
1493627040,4.3125,0,431a8542-c468-3988-a508-3afd06a218da
1493627100,4.125,0,431a8542-c468-3988-a508-3afd06a218da
1493627160,4.1875,0,431a8542-c468-3988-a508-3afd06a218da
1493627220,4.0625,0,431a8542-c468-3988-a508-3afd06a218da
1493627280,4.125,0,431a8542-c468-3988-a508-3afd06a218da
1493627340,4.25,0,431a8542-c468-3988-a508-3afd06a218da
1493627400,4.1875,0,431a8542-c468-3988-a508-3afd06a218da
1493627460,4.1875,0,431a8542-c468-3988-a508-3afd06a218da
1493627520,4.0625,0,431a8542-c468-3988-a508-3afd06a218da
1493627580,4.1875,0,431a8542-c468-3988-a508-3afd06a218da
1493627640,3.9375,0,431a8542-c468-3988-a508-3afd06a218da
1493627700,4.0,0,431a8542-c468-3988-a508-3afd06a218da
1493627760,4.125,0,431a8542-c468-3988-a508-3afd06a218da
1493627820,4.0,0,431a8542-c468-3988-a508-3afd06a218da
1493627880,4.0,0,431a8542-c468-3988-a508-3afd06a218da
1493627940,4.0625,0,431a8542-c468-3988-a508-3afd06a218da
1493628000,4.0,0,431a8542-c468-3988-a508-3afd06a218da
1493628060,4.1875,0,431a8542-c468-3988-a508-3afd06a218da
1493628120,4.0625,0,431a8542-c468-3988-a508-3afd06a218da
1493628180,4.0625,0,431a8542-c468-3988-a508-3afd06a218da
1493628240,4.0625,0,431a8542-c468-3988-a508-3afd06a218da
1493628300,4.25,0,431a8542-c468-3988-a508-3afd06a218da
1493628360,4.125,0,431a8542-c468-3988-a508-3afd06a218da
1493628420,4.0,0,431a8542-c468-3988-a508-3afd06a218da
1493628480,4.125,0,431a8542-c468-3988-a508-3afd06a218da
1493628540,4.0625,0,431a8542-c468-3988-a508-3afd06a218da
1493628600,4.0625,0,431a8542-c468-3988-a508-3afd06a218da
1493628660,4.0,0,431a8542-c468-3988-a508-3afd06a218da
1493628720,4.0,0,431a8542-c468-3988-a508-3afd06a218da
1493628780,4.125,0,431a8542-c468-3988-a508-3afd06a218da
1493628840,4.0625,0,431a8542-c468-3988-a508-3afd06a218da
1493628900,3.9375,0,431a8542-c468-3988-a508-3afd06a218da
1493628960,3.9375,0,431a8542-c468-3988-a508-3afd06a218da
1493629020,4.0,0,431a8542-c468-3988-a508-3afd06a218da
1493629080,4.0,0,431a8542-c468-3988-a508-3afd06a218da
1493629140,3.9375,0,431a8542-c468-3988-a508-3afd06a218da
1493629200,4.125,0,431a8542-c468-3988-a508-3afd06a218da
1493629260,4.3125,0,431a8542-c468-3988-a508-3afd06a218da
1493629320,4.0,0,431a8542-c468-3988-a508-3afd06a218da
1493629380,4.0,0,431a8542-c468-3988-a508-3afd06a218da
1493629440,3.9375,0,431a8542-c468-3988-a508-3afd06a218da
1493629500,3.875,0,431a8542-c468-3988-a508-3afd06a218da
1493629560,3.9375,0,431a8542-c468-3988-a508-3afd06a218da
1493629620,4.0,0,431a8542-c468-3988-a508-3afd06a218da
1493629680,4.0,0,431a8542-c468-3988-a508-3afd06a218da
1493629740,4.0625,0,431a8542-c468-3988-a508-3afd06a218da
1493629800,3.9375,0,431a8542-c468-3988-a508-3afd06a218da
1493629860,4.0,0,431a8542-c468-3988-a508-3afd06a218da
1493629920,4.0,0,431a8542-c468-3988-a508-3afd06a218da
1493629980,4.0,0,431a8542-c468-3988-a508-3afd06a218da
1493630040,3.8125,0,431a8542-c468-3988-a508-3afd06a218da
1493630100,4.125,0,431a8542-c468-3988-a508-3afd06a218da
1493630160,3.9375,0,431a8542-c468-3988-a508-3afd06a218da
1493630220,4.0,0,431a8542-c468-3988-a508-3afd06a218da
1493630280,4.0625,0,431a8542-c468-3988-a508-3afd06a218da
1493630340,4.0625,0,431a8542-c468-3988-a508-3afd06a218da
1493630400,4.0,0,431a8542-c468-3988-a508-3afd06a218da
1493630460,4.125,0,431a8542-c468-3988-a508-3afd06a218da
1493630520,3.9375,0,431a8542-c468-3988-a508-3afd06a218da
1493630580,3.9375,0,431a8542-c468-3988-a508-3afd06a218da
1493630640,3.875,0,431a8542-c468-3988-a508-3afd06a218da
1493630700,3.9375,0,431a8542-c468-3988-a508-3afd06a218da
1493630760,4.0,0,431a8542-c468-3988-a508-3afd06a218da
1493630820,3.9375,0,431a8542-c468-3988-a508-3afd06a218da
1493630880,3.9375,0,431a8542-c468-3988-a508-3afd06a218da
1493630940,4.0,0,431a8542-c468-3988-a508-3afd06a218da
1493631000,3.875,0,431a8542-c468-3988-a508-3afd06a218da
1493631060,3.9375,0,431a8542-c468-3988-a508-3afd06a218da
1493631120,4.0,0,431a8542-c468-3988-a508-3afd06a218da
1493631180,3.9375,0,431a8542-c468-3988-a508-3afd06a218da
1493631240,4.0,0,431a8542-c468-3988-a508-3afd06a218da
1493631300,4.0,0,431a8542-c468-3988-a508-3afd06a218da
1493631360,3.875,0,431a8542-c468-3988-a508-3afd06a218da
1493631420,4.0,0,431a8542-c468-3988-a508-3afd06a218da
1493631480,4.0,0,431a8542-c468-3988-a508-3afd06a218da
1493631540,3.9375,0,431a8542-c468-3988-a508-3afd06a218da
1493631600,4.0,0,431a8542-c468-3988-a508-3afd06a218da
1493631660,4.0,0,431a8542-c468-3988-a508-3afd06a218da
1493631720,3.9375,0,431a8542-c468-3988-a508-3afd06a218da
1493631780,4.0,0,431a8542-c468-3988-a508-3afd06a218da
1493631840,4.0,0,431a8542-c468-3988-a508-3afd06a218da
1493631900,4.0,0,431a8542-c468-3988-a508-3afd06a218da
1493631960,3.9375,0,431a8542-c468-3988-a508-3afd06a218da
1493632020,4.0625,0,431a8542-c468-3988-a508-3afd06a218da
1493632080,4.0625,0,431a8542-c468-3988-a508-3afd06a218da
1493632140,4.0625,0,431a8542-c468-3988-a508-3afd06a218da
1493632200,4.0,0,431a8542-c468-3988-a508-3afd06a218da
1493632260,3.9375,0,431a8542-c468-3988-a508-3afd06a218da
1493632320,4.0625,0,431a8542-c468-3988-a508-3afd06a218da
1493632380,4.0625,0,431a8542-c468-3988-a508-3afd06a218da
1493632440,3.9375,0,431a8542-c468-3988-a508-3afd06a218da
1493632500,4.0,0,431a8542-c468-3988-a508-3afd06a218da
1493632560,4.0625,0,431a8542-c468-3988-a508-3afd06a218da
1493632620,3.9375,0,431a8542-c468-3988-a508-3afd06a218da
1493632680,3.9375,0,431a8542-c468-3988-a508-3afd06a218da
1493632740,3.9375,0,431a8542-c468-3988-a508-3afd06a218da
1493632800,4.0625,0,431a8542-c468-3988-a508-3afd06a218da
1493632860,4.125,0,431a8542-c468-3988-a508-3afd06a218da
1493632920,4.1875,0,431a8542-c468-3988-a508-3afd06a218da
1493632980,4.0,0,431a8542-c468-3988-a508-3afd06a218da
1493633040,3.8125,0,431a8542-c468-3988-a508-3afd06a218da
1493633100,4.0,0,431a8542-c468-3988-a508-3afd06a218da
1493633160,4.0,0,431a8542-c468-3988-a508-3afd06a218da
1493633220,3.9375,0,431a8542-c468-3988-a508-3afd06a218da
1493633280,4.0,0,431a8542-c468-3988-a508-3afd06a218da
1493633340,4.0,0,431a8542-c468-3988-a508-3afd06a218da
1493633400,3.875,0,431a8542-c468-3988-a508-3afd06a218da
1493633460,4.125,0,431a8542-c468-3988-a508-3afd06a218da
1493633520,3.9375,0,431a8542-c468-3988-a508-3afd06a218da
1493633580,3.875,0,431a8542-c468-3988-a508-3afd06a218da
1493633640,4.0,0,431a8542-c468-3988-a508-3afd06a218da
1493633700,4.0,0,431a8542-c468-3988-a508-3afd06a218da
1493633760,3.9375,0,431a8542-c468-3988-a508-3afd06a218da
1493633820,4.0625,0,431a8542-c468-3988-a508-3afd06a218da
1493633880,4.0625,0,431a8542-c468-3988-a508-3afd06a218da
1493633940,3.9375,0,431a8542-c468-3988-a508-3afd06a218da
1493634000,4.0,0,431a8542-c468-3988-a508-3afd06a218da
1493634060,4.0625,0,431a8542-c468-3988-a508-3afd06a218da
1493634120,4.0625,0,431a8542-c468-3988-a508-3afd06a218da
1493634180,3.9375,0,431a8542-c468-3988-a508-3afd06a218da
1493634240,4.0,0,431a8542-c468-3988-a508-3afd06a218da
1493634300,4.0625,0,431a8542-c468-3988-a508-3afd06a218da
1493634360,4.0,0,431a8542-c468-3988-a508-3afd06a218da
1493634420,4.0625,0,431a8542-c468-3988-a508-3afd06a218da
1493634480,3.875,0,431a8542-c468-3988-a508-3afd06a218da
1493634540,3.9375,0,431a8542-c468-3988-a508-3afd06a218da
1493634600,4.1875,0,431a8542-c468-3988-a508-3afd06a218da
1493634660,4.0625,0,431a8542-c468-3988-a508-3afd06a218da
1493634720,4.125,0,431a8542-c468-3988-a508-3afd06a218da
1493634780,4.0625,0,431a8542-c468-3988-a508-3afd06a218da
1493634840,4.0,0,431a8542-c468-3988-a508-3afd06a218da
1493634900,4.0,0,431a8542-c468-3988-a508-3afd06a218da
1493634960,4.0,0,431a8542-c468-3988-a508-3afd06a218da
1493635020,3.9375,0,431a8542-c468-3988-a508-3afd06a218da
1493635080,4.0625,0,431a8542-c468-3988-a508-3afd06a218da
1493635140,3.875,0,431a8542-c468-3988-a508-3afd06a218da
1493635200,4.0625,0,431a8542-c468-3988-a508-3afd06a218da
1493635260,4.0625,0,431a8542-c468-3988-a508-3afd06a218da
1493635320,4.1875,0,431a8542-c468-3988-a508-3afd06a218da
1493635380,4.25,0,431a8542-c468-3988-a508-3afd06a218da
1493635440,4.0625,0,431a8542-c468-3988-a508-3afd06a218da
1493635500,3.9375,0,431a8542-c468-3988-a508-3afd06a218da
1493635560,4.0625,0,431a8542-c468-3988-a508-3afd06a218da
1493635620,4.0625,0,431a8542-c468-3988-a508-3afd06a218da
1493635680,4.0625,0,431a8542-c468-3988-a508-3afd06a218da
1493635740,3.9375,0,431a8542-c468-3988-a508-3afd06a218da
1493635800,3.875,0,431a8542-c468-3988-a508-3afd06a218da
1493635860,3.9375,0,431a8542-c468-3988-a508-3afd06a218da
1493635920,3.9375,0,431a8542-c468-3988-a508-3afd06a218da
1493635980,3.875,0,431a8542-c468-3988-a508-3afd06a218da
1493636040,4.0,0,431a8542-c468-3988-a508-3afd06a218da
1493636100,4.0,0,431a8542-c468-3988-a508-3afd06a218da
1493636160,4.1875,0,431a8542-c468-3988-a508-3afd06a218da
1493636220,3.9375,0,431a8542-c468-3988-a508-3afd06a218da
1493636280,3.8125,0,431a8542-c468-3988-a508-3afd06a218da
1493636340,4.0,0,431a8542-c468-3988-a508-3afd06a218da
1493636400,3.9375,0,431a8542-c468-3988-a508-3afd06a218da
1493636460,4.0625,0,431a8542-c468-3988-a508-3afd06a218da
1493636520,4.0,0,431a8542-c468-3988-a508-3afd06a218da
1493636580,4.0625,0,431a8542-c468-3988-a508-3afd06a218da
1493636640,4.0,0,431a8542-c468-3988-a508-3afd06a218da
1493636700,4.0625,0,431a8542-c468-3988-a508-3afd06a218da
1493636760,3.9375,0,431a8542-c468-3988-a508-3afd06a218da
1493636820,4.0,0,431a8542-c468-3988-a508-3afd06a218da
1493636880,3.9375,0,431a8542-c468-3988-a508-3afd06a218da
1493636940,3.9375,0,431a8542-c468-3988-a508-3afd06a218da
1493637000,4.0,0,431a8542-c468-3988-a508-3afd06a218da
1493637060,3.9375,0,431a8542-c468-3988-a508-3afd06a218da
1493637120,4.0,0,431a8542-c468-3988-a508-3afd06a218da
1493637180,3.9375,0,431a8542-c468-3988-a508-3afd06a218da
1493637240,3.875,0,431a8542-c468-3988-a508-3afd06a218da
1493637300,3.9375,0,431a8542-c468-3988-a508-3afd06a218da
1493637360,3.9375,0,431a8542-c468-3988-a508-3afd06a218da
1493637420,3.9375,0,431a8542-c468-3988-a508-3afd06a218da
1493637480,4.0625,0,431a8542-c468-3988-a508-3afd06a218da
1493637540,3.875,0,431a8542-c468-3988-a508-3afd06a218da
1493637600,3.9375,0,431a8542-c468-3988-a508-3afd06a218da
1493637660,3.8125,0,431a8542-c468-3988-a508-3afd06a218da
1493637720,3.6875,0,431a8542-c468-3988-a508-3afd06a218da
1493637780,3.75,0,431a8542-c468-3988-a508-3afd06a218da
1493637840,3.9375,0,431a8542-c468-3988-a508-3afd06a218da
1493637900,4.0,0,431a8542-c468-3988-a508-3afd06a218da
1493637960,3.8125,0,431a8542-c468-3988-a508-3afd06a218da
1493638020,3.75,0,431a8542-c468-3988-a508-3afd06a218da
1493638080,3.875,0,431a8542-c468-3988-a508-3afd06a218da
1493638140,3.8125,0,431a8542-c468-3988-a508-3afd06a218da
1493638200,3.75,0,431a8542-c468-3988-a508-3afd06a218da
1493638260,4.0,0,431a8542-c468-3988-a508-3afd06a218da
1493638320,3.875,0,431a8542-c468-3988-a508-3afd06a218da
1493638380,3.875,0,431a8542-c468-3988-a508-3afd06a218da
1493638440,3.875,0,431a8542-c468-3988-a508-3afd06a218da
1493638500,3.875,0,431a8542-c468-3988-a508-3afd06a218da
1493638560,3.5,0,431a8542-c468-3988-a508-3afd06a218da
1493638620,3.875,0,431a8542-c468-3988-a508-3afd06a218da
1493638680,3.75,0,431a8542-c468-3988-a508-3afd06a218da
1493638740,3.6875,0,431a8542-c468-3988-a508-3afd06a218da
1493638800,3.75,0,431a8542-c468-3988-a508-3afd06a218da
1493638860,3.5625,0,431a8542-c468-3988-a508-3afd06a218da
1493638920,3.5625,0,431a8542-c468-3988-a508-3afd06a218da
1493638980,3.75,0,431a8542-c468-3988-a508-3afd06a218da
1493639040,3.8125,0,431a8542-c468-3988-a508-3afd06a218da
1493639100,3.5,0,431a8542-c468-3988-a508-3afd06a218da
1493639160,3.5,0,431a8542-c468-3988-a508-3afd06a218da
1493639220,3.5,0,431a8542-c468-3988-a508-3afd06a218da
1493639280,3.8125,0,431a8542-c468-3988-a508-3afd06a218da
1493639340,3.5,0,431a8542-c468-3988-a508-3afd06a218da
1493639400,3.5,0,431a8542-c468-3988-a508-3afd06a218da
1493639460,3.5625,0,431a8542-c468-3988-a508-3afd06a218da
1493639520,3.4375,0,431a8542-c468-3988-a508-3afd06a218da
1493639580,3.4375,0,431a8542-c468-3988-a508-3afd06a218da
1493639640,3.375,0,431a8542-c468-3988-a508-3afd06a218da
1493639700,3.5625,0,431a8542-c468-3988-a508-3afd06a218da
1493639760,3.5625,0,431a8542-c468-3988-a508-3afd06a218da
1493639820,3.6875,0,431a8542-c468-3988-a508-3afd06a218da
1493639880,3.5,0,431a8542-c468-3988-a508-3afd06a218da
1493639940,3.5,0,431a8542-c468-3988-a508-3afd06a218da
1493640000,3.6875,0,431a8542-c468-3988-a508-3afd06a218da
1493640060,3.4375,0,431a8542-c468-3988-a508-3afd06a218da
1493640120,3.5,0,431a8542-c468-3988-a508-3afd06a218da
1493640180,3.25,0,431a8542-c468-3988-a508-3afd06a218da
1493640240,3.3125,0,431a8542-c468-3988-a508-3afd06a218da
1493640300,3.1875,0,431a8542-c468-3988-a508-3afd06a218da
1493640360,3.1875,0,431a8542-c468-3988-a508-3afd06a218da
1493640420,3.375,0,431a8542-c468-3988-a508-3afd06a218da
1493640480,3.5,0,431a8542-c468-3988-a508-3afd06a218da
1493640540,3.0625,0,431a8542-c468-3988-a508-3afd06a218da
1493640600,3.1875,0,431a8542-c468-3988-a508-3afd06a218da
1493640660,3.375,0,431a8542-c468-3988-a508-3afd06a218da
1493640720,3.1875,0,431a8542-c468-3988-a508-3afd06a218da
1493640780,3.25,0,431a8542-c468-3988-a508-3afd06a218da
1493640840,3.25,0,431a8542-c468-3988-a508-3afd06a218da
1493640900,3.125,0,431a8542-c468-3988-a508-3afd06a218da
1493640960,3.1875,0,431a8542-c468-3988-a508-3afd06a218da
1493641020,3.125,0,431a8542-c468-3988-a508-3afd06a218da
1493641080,3.0625,0,431a8542-c468-3988-a508-3afd06a218da
1493641140,3.0,0,431a8542-c468-3988-a508-3afd06a218da
1493641200,3.0625,0,431a8542-c468-3988-a508-3afd06a218da
1493641260,3.0625,0,431a8542-c468-3988-a508-3afd06a218da
1493641320,3.25,0,431a8542-c468-3988-a508-3afd06a218da
1493641380,3.3125,0,431a8542-c468-3988-a508-3afd06a218da
1493641440,3.125,0,431a8542-c468-3988-a508-3afd06a218da
1493641500,3.3125,0,431a8542-c468-3988-a508-3afd06a218da
1493641560,3.0,0,431a8542-c468-3988-a508-3afd06a218da
1493641620,3.0625,0,431a8542-c468-3988-a508-3afd06a218da
1493641680,3.0625,0,431a8542-c468-3988-a508-3afd06a218da
1493641740,3.0,0,431a8542-c468-3988-a508-3afd06a218da
1493641800,3.125,0,431a8542-c468-3988-a508-3afd06a218da
1493641860,3.0625,0,431a8542-c468-3988-a508-3afd06a218da
1493641920,3.0,0,431a8542-c468-3988-a508-3afd06a218da
1493641980,3.0,0,431a8542-c468-3988-a508-3afd06a218da
1493642040,3.0,0,431a8542-c468-3988-a508-3afd06a218da
1493642100,3.0625,0,431a8542-c468-3988-a508-3afd06a218da
1493642160,3.0,0,431a8542-c468-3988-a508-3afd06a218da
1493642220,3.0,0,431a8542-c468-3988-a508-3afd06a218da
1493642280,3.0625,0,431a8542-c468-3988-a508-3afd06a218da
1493642340,2.9375,0,431a8542-c468-3988-a508-3afd06a218da
1493642400,3.0625,0,431a8542-c468-3988-a508-3afd06a218da
1493642460,3.0625,0,431a8542-c468-3988-a508-3afd06a218da
1493642520,2.9375,0,431a8542-c468-3988-a508-3afd06a218da
1493642580,2.9375,0,431a8542-c468-3988-a508-3afd06a218da
1493642640,3.0625,0,431a8542-c468-3988-a508-3afd06a218da
1493642700,2.9375,0,431a8542-c468-3988-a508-3afd06a218da
1493642760,3.0,0,431a8542-c468-3988-a508-3afd06a218da
1493642820,3.0,0,431a8542-c468-3988-a508-3afd06a218da
1493642880,3.0,0,431a8542-c468-3988-a508-3afd06a218da
1493642940,3.0,0,431a8542-c468-3988-a508-3afd06a218da
1493643000,3.0,0,431a8542-c468-3988-a508-3afd06a218da
1493643060,3.0,0,431a8542-c468-3988-a508-3afd06a218da
1493643120,3.0,0,431a8542-c468-3988-a508-3afd06a218da
1493643180,2.9375,0,431a8542-c468-3988-a508-3afd06a218da
1493643240,3.0,0,431a8542-c468-3988-a508-3afd06a218da
1493643300,3.0,0,431a8542-c468-3988-a508-3afd06a218da
1493643360,3.0,0,431a8542-c468-3988-a508-3afd06a218da
1493643420,3.0,0,431a8542-c468-3988-a508-3afd06a218da
1493643480,2.9375,0,431a8542-c468-3988-a508-3afd06a218da
1493643540,2.9375,0,431a8542-c468-3988-a508-3afd06a218da
1493643600,2.9375,0,431a8542-c468-3988-a508-3afd06a218da
1493643660,2.8125,0,431a8542-c468-3988-a508-3afd06a218da
1493643720,2.9375,0,431a8542-c468-3988-a508-3afd06a218da
1493643780,2.9375,0,431a8542-c468-3988-a508-3afd06a218da
1493643840,2.9375,0,431a8542-c468-3988-a508-3afd06a218da
1493643900,2.875,0,431a8542-c468-3988-a508-3afd06a218da
1493643960,2.8125,0,431a8542-c468-3988-a508-3afd06a218da
1493644020,2.8125,0,431a8542-c468-3988-a508-3afd06a218da
1493644080,2.75,0,431a8542-c468-3988-a508-3afd06a218da
1493644140,2.8125,0,431a8542-c468-3988-a508-3afd06a218da
1493644200,2.8125,0,431a8542-c468-3988-a508-3afd06a218da
1493644260,2.875,0,431a8542-c468-3988-a508-3afd06a218da
1493644320,2.75,0,431a8542-c468-3988-a508-3afd06a218da
1493644380,2.8125,0,431a8542-c468-3988-a508-3afd06a218da
1493644440,2.9375,0,431a8542-c468-3988-a508-3afd06a218da
1493644500,2.375,0,431a8542-c468-3988-a508-3afd06a218da
1493644560,2.8125,0,431a8542-c468-3988-a508-3afd06a218da
1493644620,2.8125,0,431a8542-c468-3988-a508-3afd06a218da
1493644680,2.5,0,431a8542-c468-3988-a508-3afd06a218da
1493644740,2.6875,0,431a8542-c468-3988-a508-3afd06a218da
1493644800,2.75,0,431a8542-c468-3988-a508-3afd06a218da
1493644860,2.375,0,431a8542-c468-3988-a508-3afd06a218da
1493644920,2.625,0,431a8542-c468-3988-a508-3afd06a218da
1493644980,2.625,0,431a8542-c468-3988-a508-3afd06a218da
1493645040,2.625,0,431a8542-c468-3988-a508-3afd06a218da
1493645100,2.6875,0,431a8542-c468-3988-a508-3afd06a218da
1493645160,2.5,0,431a8542-c468-3988-a508-3afd06a218da
1493645220,2.75,0,431a8542-c468-3988-a508-3afd06a218da
1493645280,2.5,0,431a8542-c468-3988-a508-3afd06a218da
1493645340,2.5,0,431a8542-c468-3988-a508-3afd06a218da
1493645400,2.8125,0,431a8542-c468-3988-a508-3afd06a218da
1493645460,2.5625,0,431a8542-c468-3988-a508-3afd06a218da
1493645520,2.4375,0,431a8542-c468-3988-a508-3afd06a218da
1493645580,2.5625,0,431a8542-c468-3988-a508-3afd06a218da
1493645640,2.5625,0,431a8542-c468-3988-a508-3afd06a218da
1493645700,3.0,0,431a8542-c468-3988-a508-3afd06a218da
1493645760,2.8125,0,431a8542-c468-3988-a508-3afd06a218da
1493645820,2.75,0,431a8542-c468-3988-a508-3afd06a218da
1493645880,2.5625,0,431a8542-c468-3988-a508-3afd06a218da
1493645940,2.6875,0,431a8542-c468-3988-a508-3afd06a218da
1493646000,2.4375,0,431a8542-c468-3988-a508-3afd06a218da
1493646060,2.5,0,431a8542-c468-3988-a508-3afd06a218da
1493646120,2.6875,0,431a8542-c468-3988-a508-3afd06a218da
1493646180,2.625,0,431a8542-c468-3988-a508-3afd06a218da
1493646240,2.1875,0,431a8542-c468-3988-a508-3afd06a218da
1493646300,2.5625,0,431a8542-c468-3988-a508-3afd06a218da
1493646360,2.5,0,431a8542-c468-3988-a508-3afd06a218da
1493646420,2.5625,0,431a8542-c468-3988-a508-3afd06a218da
1493646480,2.75,0,431a8542-c468-3988-a508-3afd06a218da
1493646540,2.5625,0,431a8542-c468-3988-a508-3afd06a218da
1493646600,2.375,0,431a8542-c468-3988-a508-3afd06a218da
1493646660,2.5,0,431a8542-c468-3988-a508-3afd06a218da
1493646720,2.5625,0,431a8542-c468-3988-a508-3afd06a218da
1493646780,2.6875,0,431a8542-c468-3988-a508-3afd06a218da
1493646840,2.1875,0,431a8542-c468-3988-a508-3afd06a218da
1493646900,2.4375,0,431a8542-c468-3988-a508-3afd06a218da
1493646960,2.25,0,431a8542-c468-3988-a508-3afd06a218da
1493647020,2.25,0,431a8542-c468-3988-a508-3afd06a218da
1493647080,2.375,0,431a8542-c468-3988-a508-3afd06a218da
1493647140,2.3125,0,431a8542-c468-3988-a508-3afd06a218da
1493647200,2.375,0,431a8542-c468-3988-a508-3afd06a218da
1493647260,2.5,0,431a8542-c468-3988-a508-3afd06a218da
1493647320,2.1875,0,431a8542-c468-3988-a508-3afd06a218da
1493647380,2.1875,0,431a8542-c468-3988-a508-3afd06a218da
1493647440,2.4375,0,431a8542-c468-3988-a508-3afd06a218da
1493647500,2.375,0,431a8542-c468-3988-a508-3afd06a218da
1493647560,2.375,0,431a8542-c468-3988-a508-3afd06a218da
1493647620,2.5,0,431a8542-c468-3988-a508-3afd06a218da
1493647680,2.3125,0,431a8542-c468-3988-a508-3afd06a218da
1493647740,2.4375,0,431a8542-c468-3988-a508-3afd06a218da
1493647800,2.6875,0,431a8542-c468-3988-a508-3afd06a218da
1493647860,2.375,0,431a8542-c468-3988-a508-3afd06a218da
1493647920,2.5,0,431a8542-c468-3988-a508-3afd06a218da
1493647980,2.4375,0,431a8542-c468-3988-a508-3afd06a218da
1493648040,2.6875,0,431a8542-c468-3988-a508-3afd06a218da
1493648100,2.3125,0,431a8542-c468-3988-a508-3afd06a218da
1493648160,2.375,0,431a8542-c468-3988-a508-3afd06a218da
1493648220,2.375,0,431a8542-c468-3988-a508-3afd06a218da
1493648280,2.4375,0,431a8542-c468-3988-a508-3afd06a218da
1493648340,2.375,0,431a8542-c468-3988-a508-3afd06a218da
1493648400,2.5,0,431a8542-c468-3988-a508-3afd06a218da
1493648460,2.375,0,431a8542-c468-3988-a508-3afd06a218da
1493648520,2.375,0,431a8542-c468-3988-a508-3afd06a218da
1493648580,2.5625,0,431a8542-c468-3988-a508-3afd06a218da
1493648640,2.375,0,431a8542-c468-3988-a508-3afd06a218da
1493648700,2.5625,0,431a8542-c468-3988-a508-3afd06a218da
1493648760,2.5,0,431a8542-c468-3988-a508-3afd06a218da
1493648820,2.625,0,431a8542-c468-3988-a508-3afd06a218da
1493648880,2.5,0,431a8542-c468-3988-a508-3afd06a218da
1493648940,2.5625,0,431a8542-c468-3988-a508-3afd06a218da
1493649000,2.5625,0,431a8542-c468-3988-a508-3afd06a218da
1493649060,2.4375,0,431a8542-c468-3988-a508-3afd06a218da
1493649120,2.6875,0,431a8542-c468-3988-a508-3afd06a218da
1493649180,2.625,0,431a8542-c468-3988-a508-3afd06a218da
1493649240,2.375,0,431a8542-c468-3988-a508-3afd06a218da
1493649300,2.5625,0,431a8542-c468-3988-a508-3afd06a218da
1493649360,2.5625,0,431a8542-c468-3988-a508-3afd06a218da
1493649420,2.3125,0,431a8542-c468-3988-a508-3afd06a218da
1493649480,2.625,0,431a8542-c468-3988-a508-3afd06a218da
1493649540,2.6875,0,431a8542-c468-3988-a508-3afd06a218da
1493649600,2.5625,0,431a8542-c468-3988-a508-3afd06a218da
1493649660,2.8125,0,431a8542-c468-3988-a508-3afd06a218da
1493649720,2.75,0,431a8542-c468-3988-a508-3afd06a218da
1493649780,2.5,0,431a8542-c468-3988-a508-3afd06a218da
1493649840,2.5,0,431a8542-c468-3988-a508-3afd06a218da
1493649900,2.625,0,431a8542-c468-3988-a508-3afd06a218da
1493649960,2.6875,0,431a8542-c468-3988-a508-3afd06a218da
1493650020,2.75,0,431a8542-c468-3988-a508-3afd06a218da
1493650080,2.625,0,431a8542-c468-3988-a508-3afd06a218da
1493650140,2.875,0,431a8542-c468-3988-a508-3afd06a218da
1493650200,2.9375,0,431a8542-c468-3988-a508-3afd06a218da
1493650260,2.6875,0,431a8542-c468-3988-a508-3afd06a218da
1493650320,2.8125,0,431a8542-c468-3988-a508-3afd06a218da
1493650380,2.75,0,431a8542-c468-3988-a508-3afd06a218da
1493650440,2.75,0,431a8542-c468-3988-a508-3afd06a218da
1493650500,2.875,0,431a8542-c468-3988-a508-3afd06a218da
1493650560,2.5625,0,431a8542-c468-3988-a508-3afd06a218da
1493650620,2.79999995232,0,431a8542-c468-3988-a508-3afd06a218da
1493650680,2.8666665554,0,431a8542-c468-3988-a508-3afd06a218da
1493650740,2.75,0,431a8542-c468-3988-a508-3afd06a218da
1493650800,2.6875,0,431a8542-c468-3988-a508-3afd06a218da
1493650860,2.6875,0,431a8542-c468-3988-a508-3afd06a218da
1493650920,2.8125,0,431a8542-c468-3988-a508-3afd06a218da
1493650980,2.75,0,431a8542-c468-3988-a508-3afd06a218da
1493651040,2.875,0,431a8542-c468-3988-a508-3afd06a218da
1493651100,2.8125,0,431a8542-c468-3988-a508-3afd06a218da
1493651160,2.9375,0,431a8542-c468-3988-a508-3afd06a218da
1493651220,2.875,0,431a8542-c468-3988-a508-3afd06a218da
1493651280,2.75,0,431a8542-c468-3988-a508-3afd06a218da
1493651340,2.8125,0,431a8542-c468-3988-a508-3afd06a218da
1493651400,3.0,0,431a8542-c468-3988-a508-3afd06a218da
1493651460,2.8125,0,431a8542-c468-3988-a508-3afd06a218da
1493651520,2.875,0,431a8542-c468-3988-a508-3afd06a218da
1493651580,3.0,0,431a8542-c468-3988-a508-3afd06a218da
1493651640,3.0,0,431a8542-c468-3988-a508-3afd06a218da
1493651700,2.875,0,431a8542-c468-3988-a508-3afd06a218da
1493651760,2.875,0,431a8542-c468-3988-a508-3afd06a218da
1493651820,2.9375,0,431a8542-c468-3988-a508-3afd06a218da
1493651880,2.9375,0,431a8542-c468-3988-a508-3afd06a218da
1493651940,2.9375,0,431a8542-c468-3988-a508-3afd06a218da
1493652000,2.9375,0,431a8542-c468-3988-a508-3afd06a218da
1493652060,2.9375,0,431a8542-c468-3988-a508-3afd06a218da
1493652120,3.0,0,431a8542-c468-3988-a508-3afd06a218da
1493652180,3.0,0,431a8542-c468-3988-a508-3afd06a218da
1493652240,2.9375,0,431a8542-c468-3988-a508-3afd06a218da
1493652300,3.0,0,431a8542-c468-3988-a508-3afd06a218da
1493652360,2.8125,0,431a8542-c468-3988-a508-3afd06a218da
1493652420,3.0,0,431a8542-c468-3988-a508-3afd06a218da
1493652480,3.0,0,431a8542-c468-3988-a508-3afd06a218da
1493652540,3.0,0,431a8542-c468-3988-a508-3afd06a218da
1493652600,2.9375,0,431a8542-c468-3988-a508-3afd06a218da
1493652660,2.9375,0,431a8542-c468-3988-a508-3afd06a218da
1493652720,3.0,0,431a8542-c468-3988-a508-3afd06a218da
1493652780,3.0,0,431a8542-c468-3988-a508-3afd06a218da
1493652840,3.0,0,431a8542-c468-3988-a508-3afd06a218da
1493652900,3.0,0,431a8542-c468-3988-a508-3afd06a218da
1493652960,3.0,0,431a8542-c468-3988-a508-3afd06a218da
1493653020,3.0,0,431a8542-c468-3988-a508-3afd06a218da
1493653080,3.0625,0,431a8542-c468-3988-a508-3afd06a218da
1493653140,3.0,0,431a8542-c468-3988-a508-3afd06a218da
1493653200,3.0,0,431a8542-c468-3988-a508-3afd06a218da
1493653260,3.0,0,431a8542-c468-3988-a508-3afd06a218da
1493653320,3.0,0,431a8542-c468-3988-a508-3afd06a218da
1493653380,3.0,0,431a8542-c468-3988-a508-3afd06a218da
1493653440,3.0625,0,431a8542-c468-3988-a508-3afd06a218da
1493653500,3.0,0,431a8542-c468-3988-a508-3afd06a218da
1493653560,3.0,0,431a8542-c468-3988-a508-3afd06a218da
1493653620,3.0,0,431a8542-c468-3988-a508-3afd06a218da
1493653680,3.0,0,431a8542-c468-3988-a508-3afd06a218da
1493653740,2.9375,0,431a8542-c468-3988-a508-3afd06a218da
1493653800,3.0,0,431a8542-c468-3988-a508-3afd06a218da
1493653860,3.0,0,431a8542-c468-3988-a508-3afd06a218da
1493653920,3.0625,0,431a8542-c468-3988-a508-3afd06a218da
1493653980,3.0,0,431a8542-c468-3988-a508-3afd06a218da
1493654040,2.9375,0,431a8542-c468-3988-a508-3afd06a218da
1493654100,3.0,0,431a8542-c468-3988-a508-3afd06a218da
1493654160,3.0,0,431a8542-c468-3988-a508-3afd06a218da
1493654220,3.0,0,431a8542-c468-3988-a508-3afd06a218da
1493654280,3.0625,0,431a8542-c468-3988-a508-3afd06a218da
1493654340,3.0,0,431a8542-c468-3988-a508-3afd06a218da
1493654400,3.0625,0,431a8542-c468-3988-a508-3afd06a218da
1493654460,3.0625,0,431a8542-c468-3988-a508-3afd06a218da
1493654520,3.0625,0,431a8542-c468-3988-a508-3afd06a218da
1493654580,3.0,0,431a8542-c468-3988-a508-3afd06a218da
1493654640,3.0,0,431a8542-c468-3988-a508-3afd06a218da
1493654700,3.0,0,431a8542-c468-3988-a508-3afd06a218da
1493654760,3.0,0,431a8542-c468-3988-a508-3afd06a218da
1493654820,3.0,0,431a8542-c468-3988-a508-3afd06a218da
1493654880,3.0625,0,431a8542-c468-3988-a508-3afd06a218da
1493654940,3.0,0,431a8542-c468-3988-a508-3afd06a218da
1493655000,3.0,0,431a8542-c468-3988-a508-3afd06a218da
1493655060,3.0625,0,431a8542-c468-3988-a508-3afd06a218da
1493655120,3.0,0,431a8542-c468-3988-a508-3afd06a218da
1493655180,3.0,0,431a8542-c468-3988-a508-3afd06a218da
1493655240,3.0625,0,431a8542-c468-3988-a508-3afd06a218da
1493655300,3.0,0,431a8542-c468-3988-a508-3afd06a218da
1493655360,3.0,0,431a8542-c468-3988-a508-3afd06a218da
1493655420,3.0,0,431a8542-c468-3988-a508-3afd06a218da
1493655480,3.0,0,431a8542-c468-3988-a508-3afd06a218da
1493655540,3.25,0,431a8542-c468-3988-a508-3afd06a218da
1493655600,3.0,0,431a8542-c468-3988-a508-3afd06a218da
1493655660,3.0625,0,431a8542-c468-3988-a508-3afd06a218da
1493655720,3.125,0,431a8542-c468-3988-a508-3afd06a218da
1493655780,3.0,0,431a8542-c468-3988-a508-3afd06a218da
1493655840,3.0,0,431a8542-c468-3988-a508-3afd06a218da
1493655900,3.0,0,431a8542-c468-3988-a508-3afd06a218da
1493655960,3.0625,0,431a8542-c468-3988-a508-3afd06a218da
1493656020,3.0,0,431a8542-c468-3988-a508-3afd06a218da
1493656080,3.125,0,431a8542-c468-3988-a508-3afd06a218da
1493656140,3.0625,0,431a8542-c468-3988-a508-3afd06a218da
1493656200,3.0,0,431a8542-c468-3988-a508-3afd06a218da
1493656260,3.0625,0,431a8542-c468-3988-a508-3afd06a218da
1493656320,3.1875,0,431a8542-c468-3988-a508-3afd06a218da
1493656380,3.0,0,431a8542-c468-3988-a508-3afd06a218da
1493656440,3.0,0,431a8542-c468-3988-a508-3afd06a218da
1493656500,3.0,0,431a8542-c468-3988-a508-3afd06a218da
1493656560,3.0625,0,431a8542-c468-3988-a508-3afd06a218da
1493656620,3.0,0,431a8542-c468-3988-a508-3afd06a218da
1493656680,3.0625,0,431a8542-c468-3988-a508-3afd06a218da
1493656740,3.125,0,431a8542-c468-3988-a508-3afd06a218da
1493656800,3.0,0,431a8542-c468-3988-a508-3afd06a218da
1493656860,3.0,0,431a8542-c468-3988-a508-3afd06a218da
1493656920,3.0625,0,431a8542-c468-3988-a508-3afd06a218da
1493656980,3.125,0,431a8542-c468-3988-a508-3afd06a218da
1493657040,3.0625,0,431a8542-c468-3988-a508-3afd06a218da
1493657100,3.125,0,431a8542-c468-3988-a508-3afd06a218da
1493657160,3.1875,0,431a8542-c468-3988-a508-3afd06a218da
1493657220,3.0,0,431a8542-c468-3988-a508-3afd06a218da
1493657280,3.1875,0,431a8542-c468-3988-a508-3afd06a218da
1493657340,3.0,0,431a8542-c468-3988-a508-3afd06a218da
1493657400,3.0,0,431a8542-c468-3988-a508-3afd06a218da
1493657460,3.0,0,431a8542-c468-3988-a508-3afd06a218da
1493657520,3.0625,0,431a8542-c468-3988-a508-3afd06a218da
1493657580,3.1875,0,431a8542-c468-3988-a508-3afd06a218da
1493657640,3.125,0,431a8542-c468-3988-a508-3afd06a218da
1493657700,3.125,0,431a8542-c468-3988-a508-3afd06a218da
1493657760,3.0,0,431a8542-c468-3988-a508-3afd06a218da
1493657820,3.125,0,431a8542-c468-3988-a508-3afd06a218da
1493657880,3.0,0,431a8542-c468-3988-a508-3afd06a218da
1493657940,3.375,0,431a8542-c468-3988-a508-3afd06a218da
1493658000,3.0625,0,431a8542-c468-3988-a508-3afd06a218da
1493658060,3.0,0,431a8542-c468-3988-a508-3afd06a218da
1493658120,3.3125,0,431a8542-c468-3988-a508-3afd06a218da
1493658180,3.0625,0,431a8542-c468-3988-a508-3afd06a218da
1493658240,3.3125,0,431a8542-c468-3988-a508-3afd06a218da
1493658300,3.125,0,431a8542-c468-3988-a508-3afd06a218da
1493658360,3.0625,0,431a8542-c468-3988-a508-3afd06a218da
1493658420,3.125,0,431a8542-c468-3988-a508-3afd06a218da
1493658480,3.5,0,431a8542-c468-3988-a508-3afd06a218da
1493658540,3.1875,0,431a8542-c468-3988-a508-3afd06a218da
1493658600,3.3125,0,431a8542-c468-3988-a508-3afd06a218da
1493658660,3.25,0,431a8542-c468-3988-a508-3afd06a218da
1493658720,3.25,0,431a8542-c468-3988-a508-3afd06a218da
1493658780,3.125,0,431a8542-c468-3988-a508-3afd06a218da
1493658840,3.375,0,431a8542-c468-3988-a508-3afd06a218da
1493658900,3.3125,0,431a8542-c468-3988-a508-3afd06a218da
1493658960,3.5625,0,431a8542-c468-3988-a508-3afd06a218da
1493659020,3.5,0,431a8542-c468-3988-a508-3afd06a218da
1493659080,3.4375,0,431a8542-c468-3988-a508-3afd06a218da
1493659140,3.75,0,431a8542-c468-3988-a508-3afd06a218da
1493659200,3.625,0,431a8542-c468-3988-a508-3afd06a218da
1493659260,3.4375,0,431a8542-c468-3988-a508-3afd06a218da
1493659320,3.5,0,431a8542-c468-3988-a508-3afd06a218da
1493659380,3.3125,0,431a8542-c468-3988-a508-3afd06a218da
1493659440,3.6875,0,431a8542-c468-3988-a508-3afd06a218da
1493659500,3.4375,0,431a8542-c468-3988-a508-3afd06a218da
1493659560,3.375,0,431a8542-c468-3988-a508-3afd06a218da
1493659620,3.625,0,431a8542-c468-3988-a508-3afd06a218da
1493659680,3.5625,0,431a8542-c468-3988-a508-3afd06a218da
1493659740,3.5625,0,431a8542-c468-3988-a508-3afd06a218da
1493659800,3.6875,0,431a8542-c468-3988-a508-3afd06a218da
1493659860,3.4375,0,431a8542-c468-3988-a508-3afd06a218da
1493659920,3.5625,0,431a8542-c468-3988-a508-3afd06a218da
1493659980,3.8125,0,431a8542-c468-3988-a508-3afd06a218da
1493660040,3.4375,0,431a8542-c468-3988-a508-3afd06a218da
1493660100,3.625,0,431a8542-c468-3988-a508-3afd06a218da
1493660160,3.875,0,431a8542-c468-3988-a508-3afd06a218da
1493660220,3.5625,0,431a8542-c468-3988-a508-3afd06a218da
1493660280,3.8125,0,431a8542-c468-3988-a508-3afd06a218da
1493660340,3.75,0,431a8542-c468-3988-a508-3afd06a218da
1493660400,3.6875,0,431a8542-c468-3988-a508-3afd06a218da
1493660460,3.8125,0,431a8542-c468-3988-a508-3afd06a218da
1493660520,3.8125,0,431a8542-c468-3988-a508-3afd06a218da
1493660580,3.75,0,431a8542-c468-3988-a508-3afd06a218da
1493660640,3.8125,0,431a8542-c468-3988-a508-3afd06a218da
1493660700,3.6875,0,431a8542-c468-3988-a508-3afd06a218da
1493660760,3.8125,0,431a8542-c468-3988-a508-3afd06a218da
1493660820,3.8125,0,431a8542-c468-3988-a508-3afd06a218da
1493660880,3.5625,0,431a8542-c468-3988-a508-3afd06a218da
1493660940,3.75,0,431a8542-c468-3988-a508-3afd06a218da
1493661000,3.8125,0,431a8542-c468-3988-a508-3afd06a218da
1493661060,3.625,0,431a8542-c468-3988-a508-3afd06a218da
1493661120,3.875,0,431a8542-c468-3988-a508-3afd06a218da
1493661180,3.875,0,431a8542-c468-3988-a508-3afd06a218da
1493661240,3.6875,0,431a8542-c468-3988-a508-3afd06a218da
1493661300,3.875,0,431a8542-c468-3988-a508-3afd06a218da
1493661360,3.75,0,431a8542-c468-3988-a508-3afd06a218da
1493661420,3.875,0,431a8542-c468-3988-a508-3afd06a218da
1493661480,3.9375,0,431a8542-c468-3988-a508-3afd06a218da
1493661540,3.9375,0,431a8542-c468-3988-a508-3afd06a218da
1493661600,3.9375,0,431a8542-c468-3988-a508-3afd06a218da
1493661660,3.875,0,431a8542-c468-3988-a508-3afd06a218da
1493661720,3.6875,0,431a8542-c468-3988-a508-3afd06a218da
1493661780,3.875,0,431a8542-c468-3988-a508-3afd06a218da
1493661840,4.0,0,431a8542-c468-3988-a508-3afd06a218da
1493661900,3.8125,0,431a8542-c468-3988-a508-3afd06a218da
1493661960,3.875,0,431a8542-c468-3988-a508-3afd06a218da
1493662020,3.9375,0,431a8542-c468-3988-a508-3afd06a218da
1493662080,3.875,0,431a8542-c468-3988-a508-3afd06a218da
1493662140,3.75,0,431a8542-c468-3988-a508-3afd06a218da
1493662200,4.0,0,431a8542-c468-3988-a508-3afd06a218da
1493662260,3.9375,0,431a8542-c468-3988-a508-3afd06a218da
1493662320,4.0,0,431a8542-c468-3988-a508-3afd06a218da
1493662380,3.875,0,431a8542-c468-3988-a508-3afd06a218da
1493662440,3.8125,0,431a8542-c468-3988-a508-3afd06a218da
1493662500,3.875,0,431a8542-c468-3988-a508-3afd06a218da
1493662560,3.9375,0,431a8542-c468-3988-a508-3afd06a218da
1493662620,4.0,0,431a8542-c468-3988-a508-3afd06a218da
1493662680,3.875,0,431a8542-c468-3988-a508-3afd06a218da
1493662740,3.8125,0,431a8542-c468-3988-a508-3afd06a218da
1493662800,3.9375,0,431a8542-c468-3988-a508-3afd06a218da
1493662860,4.0,0,431a8542-c468-3988-a508-3afd06a218da
1493662920,3.875,0,431a8542-c468-3988-a508-3afd06a218da
1493662980,3.9375,0,431a8542-c468-3988-a508-3afd06a218da
1493663040,3.9375,0,431a8542-c468-3988-a508-3afd06a218da
1493663100,3.8125,0,431a8542-c468-3988-a508-3afd06a218da
1493663160,3.8125,0,431a8542-c468-3988-a508-3afd06a218da
1493663220,3.875,0,431a8542-c468-3988-a508-3afd06a218da
1493663280,3.875,0,431a8542-c468-3988-a508-3afd06a218da
1493663340,3.9375,0,431a8542-c468-3988-a508-3afd06a218da
1493663400,4.0,0,431a8542-c468-3988-a508-3afd06a218da
1493663460,4.0,0,431a8542-c468-3988-a508-3afd06a218da
1493663520,3.9375,0,431a8542-c468-3988-a508-3afd06a218da
1493663580,3.9375,0,431a8542-c468-3988-a508-3afd06a218da
1493663640,3.875,0,431a8542-c468-3988-a508-3afd06a218da
1493663700,3.9375,0,431a8542-c468-3988-a508-3afd06a218da
1493663760,3.9375,0,431a8542-c468-3988-a508-3afd06a218da
1493663820,4.0,0,431a8542-c468-3988-a508-3afd06a218da
1493663880,4.0,0,431a8542-c468-3988-a508-3afd06a218da
1493663940,3.6875,0,431a8542-c468-3988-a508-3afd06a218da
1493664000,3.9375,0,431a8542-c468-3988-a508-3afd06a218da
1493664060,3.9375,0,431a8542-c468-3988-a508-3afd06a218da
1493664120,4.0,0,431a8542-c468-3988-a508-3afd06a218da
1493664180,4.0,0,431a8542-c468-3988-a508-3afd06a218da
1493664240,3.9375,0,431a8542-c468-3988-a508-3afd06a218da
1493664300,4.0,0,431a8542-c468-3988-a508-3afd06a218da
1493664360,4.0625,0,431a8542-c468-3988-a508-3afd06a218da
1493664420,4.0625,0,431a8542-c468-3988-a508-3afd06a218da
1493664480,4.0,0,431a8542-c468-3988-a508-3afd06a218da
1493664540,3.9375,0,431a8542-c468-3988-a508-3afd06a218da
1493664600,3.9375,0,431a8542-c468-3988-a508-3afd06a218da
1493664660,3.9375,0,431a8542-c468-3988-a508-3afd06a218da
1493664720,4.0,0,431a8542-c468-3988-a508-3afd06a218da
1493664780,4.0,0,431a8542-c468-3988-a508-3afd06a218da
1493664840,3.875,0,431a8542-c468-3988-a508-3afd06a218da
1493664900,4.0625,0,431a8542-c468-3988-a508-3afd06a218da
1493664960,3.9375,0,431a8542-c468-3988-a508-3afd06a218da
1493665020,4.125,0,431a8542-c468-3988-a508-3afd06a218da
1493665080,4.0625,0,431a8542-c468-3988-a508-3afd06a218da
1493665140,4.125,0,431a8542-c468-3988-a508-3afd06a218da
1493665200,4.125,0,431a8542-c468-3988-a508-3afd06a218da
1493665260,4.0,0,431a8542-c468-3988-a508-3afd06a218da
1493665320,4.0,0,431a8542-c468-3988-a508-3afd06a218da
1493665380,4.0625,0,431a8542-c468-3988-a508-3afd06a218da
1493665440,4.1875,0,431a8542-c468-3988-a508-3afd06a218da
1493665500,4.0,0,431a8542-c468-3988-a508-3afd06a218da
1493665560,4.0625,0,431a8542-c468-3988-a508-3afd06a218da
1493665620,4.0625,0,431a8542-c468-3988-a508-3afd06a218da
1493665680,4.0625,0,431a8542-c468-3988-a508-3afd06a218da
1493665740,4.0,0,431a8542-c468-3988-a508-3afd06a218da
1493665800,4.0,0,431a8542-c468-3988-a508-3afd06a218da
1493665860,4.125,0,431a8542-c468-3988-a508-3afd06a218da
1493665920,4.0625,0,431a8542-c468-3988-a508-3afd06a218da
1493665980,4.0,0,431a8542-c468-3988-a508-3afd06a218da
1493666040,4.125,0,431a8542-c468-3988-a508-3afd06a218da
1493666100,4.25,0,431a8542-c468-3988-a508-3afd06a218da
1493666160,4.25,0,431a8542-c468-3988-a508-3afd06a218da
1493666220,4.125,0,431a8542-c468-3988-a508-3afd06a218da
1493666280,4.25,0,431a8542-c468-3988-a508-3afd06a218da
1493666340,4.0625,0,431a8542-c468-3988-a508-3afd06a218da
1493666400,4.25,0,431a8542-c468-3988-a508-3afd06a218da
1493666460,4.125,0,431a8542-c468-3988-a508-3afd06a218da
1493666520,4.125,0,431a8542-c468-3988-a508-3afd06a218da
1493666580,4.125,0,431a8542-c468-3988-a508-3afd06a218da
1493666640,4.1875,0,431a8542-c468-3988-a508-3afd06a218da
1493666700,4.25,0,431a8542-c468-3988-a508-3afd06a218da
1493666760,4.1875,0,431a8542-c468-3988-a508-3afd06a218da
1493666820,4.0,0,431a8542-c468-3988-a508-3afd06a218da
1493666880,4.125,0,431a8542-c468-3988-a508-3afd06a218da
1493666940,4.1875,0,431a8542-c468-3988-a508-3afd06a218da
1493667000,4.125,0,431a8542-c468-3988-a508-3afd06a218da
1493667060,4.0625,0,431a8542-c468-3988-a508-3afd06a218da
1493667120,4.25,0,431a8542-c468-3988-a508-3afd06a218da
1493667180,4.0625,0,431a8542-c468-3988-a508-3afd06a218da
1493667240,4.3125,0,431a8542-c468-3988-a508-3afd06a218da
1493667300,4.3125,0,431a8542-c468-3988-a508-3afd06a218da
1493667360,4.125,0,431a8542-c468-3988-a508-3afd06a218da
1493667420,4.25,0,431a8542-c468-3988-a508-3afd06a218da
1493667480,4.375,0,431a8542-c468-3988-a508-3afd06a218da
1493667540,4.25,0,431a8542-c468-3988-a508-3afd06a218da
1493667600,4.1875,0,431a8542-c468-3988-a508-3afd06a218da
1493667660,4.0625,0,431a8542-c468-3988-a508-3afd06a218da
1493667720,4.1875,0,431a8542-c468-3988-a508-3afd06a218da
1493667780,4.4375,0,431a8542-c468-3988-a508-3afd06a218da
1493667840,4.125,0,431a8542-c468-3988-a508-3afd06a218da
1493667900,4.0625,0,431a8542-c468-3988-a508-3afd06a218da
1493667960,4.1875,0,431a8542-c468-3988-a508-3afd06a218da
1493668020,4.3125,0,431a8542-c468-3988-a508-3afd06a218da
1493668080,4.125,0,431a8542-c468-3988-a508-3afd06a218da
1493668140,4.375,0,431a8542-c468-3988-a508-3afd06a218da
1493668200,4.25,0,431a8542-c468-3988-a508-3afd06a218da
1493668260,4.125,0,431a8542-c468-3988-a508-3afd06a218da
1493668320,4.4375,0,431a8542-c468-3988-a508-3afd06a218da
1493668380,4.3125,0,431a8542-c468-3988-a508-3afd06a218da
1493668440,4.4375,0,431a8542-c468-3988-a508-3afd06a218da
1493668500,4.3125,0,431a8542-c468-3988-a508-3afd06a218da
1493668560,4.4375,0,431a8542-c468-3988-a508-3afd06a218da
1493668620,4.3125,0,431a8542-c468-3988-a508-3afd06a218da
1493668680,4.3125,0,431a8542-c468-3988-a508-3afd06a218da
1493668740,4.0625,0,431a8542-c468-3988-a508-3afd06a218da
1493668800,4.4375,0,431a8542-c468-3988-a508-3afd06a218da
1493668860,4.3125,0,431a8542-c468-3988-a508-3afd06a218da
1493668920,4.1875,0,431a8542-c468-3988-a508-3afd06a218da
1493668980,4.4375,0,431a8542-c468-3988-a508-3afd06a218da
1493669040,4.1875,0,431a8542-c468-3988-a508-3afd06a218da
1493669100,4.3125,0,431a8542-c468-3988-a508-3afd06a218da
1493669160,4.3125,0,431a8542-c468-3988-a508-3afd06a218da
1493669220,4.25,0,431a8542-c468-3988-a508-3afd06a218da
1493669280,4.25,0,431a8542-c468-3988-a508-3afd06a218da
1493669340,4.25,0,431a8542-c468-3988-a508-3afd06a218da
1493669400,4.125,0,431a8542-c468-3988-a508-3afd06a218da
1493669460,4.3125,0,431a8542-c468-3988-a508-3afd06a218da
1493669520,4.375,0,431a8542-c468-3988-a508-3afd06a218da
1493669580,4.25,0,431a8542-c468-3988-a508-3afd06a218da
1493669640,4.4375,0,431a8542-c468-3988-a508-3afd06a218da
1493669700,4.4375,0,431a8542-c468-3988-a508-3afd06a218da
1493669760,4.375,0,431a8542-c468-3988-a508-3afd06a218da
1493669820,4.5625,0,431a8542-c468-3988-a508-3afd06a218da
1493669880,4.5625,0,431a8542-c468-3988-a508-3afd06a218da
1493669940,4.4375,0,431a8542-c468-3988-a508-3afd06a218da
1493670000,4.625,0,431a8542-c468-3988-a508-3afd06a218da
1493670060,4.625,0,431a8542-c468-3988-a508-3afd06a218da
1493670120,4.6875,0,431a8542-c468-3988-a508-3afd06a218da
1493670180,4.625,0,431a8542-c468-3988-a508-3afd06a218da
1493670240,4.3125,0,431a8542-c468-3988-a508-3afd06a218da
1493670300,4.4375,0,431a8542-c468-3988-a508-3afd06a218da
1493670360,4.625,0,431a8542-c468-3988-a508-3afd06a218da
1493670420,4.8125,0,431a8542-c468-3988-a508-3afd06a218da
1493670480,4.75,0,431a8542-c468-3988-a508-3afd06a218da
1493670540,4.75,0,431a8542-c468-3988-a508-3afd06a218da
1493670600,4.5625,0,431a8542-c468-3988-a508-3afd06a218da
1493670660,4.625,0,431a8542-c468-3988-a508-3afd06a218da
1493670720,4.5625,0,431a8542-c468-3988-a508-3afd06a218da
1493670780,4.5,0,431a8542-c468-3988-a508-3afd06a218da
1493670840,4.4375,0,431a8542-c468-3988-a508-3afd06a218da
1493670900,4.5,0,431a8542-c468-3988-a508-3afd06a218da
1493670960,4.5,0,431a8542-c468-3988-a508-3afd06a218da
1493671020,4.5,0,431a8542-c468-3988-a508-3afd06a218da
1493671080,4.5625,0,431a8542-c468-3988-a508-3afd06a218da
1493671140,4.5625,0,431a8542-c468-3988-a508-3afd06a218da
1493671200,4.5,0,431a8542-c468-3988-a508-3afd06a218da
1493671260,4.5625,0,431a8542-c468-3988-a508-3afd06a218da
1493671320,4.875,0,431a8542-c468-3988-a508-3afd06a218da
1493671380,4.75,0,431a8542-c468-3988-a508-3afd06a218da
1493671440,4.6875,0,431a8542-c468-3988-a508-3afd06a218da
1493671500,4.625,0,431a8542-c468-3988-a508-3afd06a218da
1493671560,4.8125,0,431a8542-c468-3988-a508-3afd06a218da
1493671620,4.8125,0,431a8542-c468-3988-a508-3afd06a218da
1493671680,4.75,0,431a8542-c468-3988-a508-3afd06a218da
1493671740,4.9375,0,431a8542-c468-3988-a508-3afd06a218da
1493671800,4.875,0,431a8542-c468-3988-a508-3afd06a218da
1493671860,4.75,0,431a8542-c468-3988-a508-3afd06a218da
1493671920,4.875,0,431a8542-c468-3988-a508-3afd06a218da
1493671980,4.8125,0,431a8542-c468-3988-a508-3afd06a218da
1493672040,4.625,0,431a8542-c468-3988-a508-3afd06a218da
1493672100,4.625,0,431a8542-c468-3988-a508-3afd06a218da
1493672160,4.75,0,431a8542-c468-3988-a508-3afd06a218da
1493672220,4.625,0,431a8542-c468-3988-a508-3afd06a218da
1493672280,4.8125,0,431a8542-c468-3988-a508-3afd06a218da
1493672340,4.75,0,431a8542-c468-3988-a508-3afd06a218da
1493672400,4.8125,0,431a8542-c468-3988-a508-3afd06a218da
1493672460,4.9375,0,431a8542-c468-3988-a508-3afd06a218da
1493672520,5.0,0,431a8542-c468-3988-a508-3afd06a218da
1493672580,4.75,0,431a8542-c468-3988-a508-3afd06a218da
1493672640,4.75,0,431a8542-c468-3988-a508-3afd06a218da
1493672700,4.6875,0,431a8542-c468-3988-a508-3afd06a218da
1493672760,4.6875,0,431a8542-c468-3988-a508-3afd06a218da
1493672820,5.0,0,431a8542-c468-3988-a508-3afd06a218da
1493672880,4.6875,0,431a8542-c468-3988-a508-3afd06a218da
1493672940,4.8125,0,431a8542-c468-3988-a508-3afd06a218da
1493673000,4.625,0,431a8542-c468-3988-a508-3afd06a218da
1493673060,4.875,0,431a8542-c468-3988-a508-3afd06a218da
1493673120,4.625,0,431a8542-c468-3988-a508-3afd06a218da
1493673180,5.0,0,431a8542-c468-3988-a508-3afd06a218da
1493673240,5.0,0,431a8542-c468-3988-a508-3afd06a218da
1493673300,4.875,0,431a8542-c468-3988-a508-3afd06a218da
1493673360,5.0625,0,431a8542-c468-3988-a508-3afd06a218da
1493673420,4.875,0,431a8542-c468-3988-a508-3afd06a218da
1493673480,5.0,0,431a8542-c468-3988-a508-3afd06a218da
1493673540,4.9375,0,431a8542-c468-3988-a508-3afd06a218da
1493673600,4.9375,0,431a8542-c468-3988-a508-3afd06a218da
1493673660,4.875,0,431a8542-c468-3988-a508-3afd06a218da
1493673720,4.875,0,431a8542-c468-3988-a508-3afd06a218da
1493673780,4.9375,0,431a8542-c468-3988-a508-3afd06a218da
1493673840,5.0625,0,431a8542-c468-3988-a508-3afd06a218da
1493673900,5.0625,0,431a8542-c468-3988-a508-3afd06a218da
1493673960,5.0625,0,431a8542-c468-3988-a508-3afd06a218da
1493674020,5.0625,0,431a8542-c468-3988-a508-3afd06a218da
1493674080,4.9375,0,431a8542-c468-3988-a508-3afd06a218da
1493674140,4.875,0,431a8542-c468-3988-a508-3afd06a218da
1493674200,4.9375,0,431a8542-c468-3988-a508-3afd06a218da
1493674260,5.0625,0,431a8542-c468-3988-a508-3afd06a218da
1493674320,5.0,0,431a8542-c468-3988-a508-3afd06a218da
1493674380,4.875,0,431a8542-c468-3988-a508-3afd06a218da
1493674440,5.0,0,431a8542-c468-3988-a508-3afd06a218da
1493674500,5.125,0,431a8542-c468-3988-a508-3afd06a218da
1493674560,4.875,0,431a8542-c468-3988-a508-3afd06a218da
1493674620,4.9375,0,431a8542-c468-3988-a508-3afd06a218da
1493674680,4.9375,0,431a8542-c468-3988-a508-3afd06a218da
1493674740,5.1875,0,431a8542-c468-3988-a508-3afd06a218da
1493674800,5.0,0,431a8542-c468-3988-a508-3afd06a218da
1493674860,5.0625,0,431a8542-c468-3988-a508-3afd06a218da
1493674920,5.125,0,431a8542-c468-3988-a508-3afd06a218da
1493674980,5.0,0,431a8542-c468-3988-a508-3afd06a218da
1493675040,5.0,0,431a8542-c468-3988-a508-3afd06a218da
1493675100,5.1875,0,431a8542-c468-3988-a508-3afd06a218da
1493675160,5.0,0,431a8542-c468-3988-a508-3afd06a218da
1493675220,5.125,0,431a8542-c468-3988-a508-3afd06a218da
1493675280,5.3125,0,431a8542-c468-3988-a508-3afd06a218da
1493675340,5.125,0,431a8542-c468-3988-a508-3afd06a218da
1493675400,5.25,0,431a8542-c468-3988-a508-3afd06a218da
1493675460,5.0,0,431a8542-c468-3988-a508-3afd06a218da
1493675520,5.1875,0,431a8542-c468-3988-a508-3afd06a218da
1493675580,5.125,0,431a8542-c468-3988-a508-3afd06a218da
1493675640,5.0,0,431a8542-c468-3988-a508-3afd06a218da
1493675700,5.125,0,431a8542-c468-3988-a508-3afd06a218da
1493675760,5.0625,0,431a8542-c468-3988-a508-3afd06a218da
1493675820,5.0625,0,431a8542-c468-3988-a508-3afd06a218da
1493675880,5.125,0,431a8542-c468-3988-a508-3afd06a218da
1493675940,5.0,0,431a8542-c468-3988-a508-3afd06a218da
1493676000,5.0625,0,431a8542-c468-3988-a508-3afd06a218da
1493676060,5.0,0,431a8542-c468-3988-a508-3afd06a218da
1493676120,5.0,0,431a8542-c468-3988-a508-3afd06a218da
1493676180,5.0,0,431a8542-c468-3988-a508-3afd06a218da
1493676240,5.125,0,431a8542-c468-3988-a508-3afd06a218da
1493676300,5.0,0,431a8542-c468-3988-a508-3afd06a218da
1493676360,4.9375,0,431a8542-c468-3988-a508-3afd06a218da
1493676420,5.25,0,431a8542-c468-3988-a508-3afd06a218da
1493676480,4.875,0,431a8542-c468-3988-a508-3afd06a218da
1493676540,5.1875,0,431a8542-c468-3988-a508-3afd06a218da
1493676600,5.0,0,431a8542-c468-3988-a508-3afd06a218da
1493676660,5.0,0,431a8542-c468-3988-a508-3afd06a218da
1493676720,5.125,0,431a8542-c468-3988-a508-3afd06a218da
1493676780,5.1875,0,431a8542-c468-3988-a508-3afd06a218da
1493676840,5.0,0,431a8542-c468-3988-a508-3afd06a218da
1493676900,5.25,0,431a8542-c468-3988-a508-3afd06a218da
1493676960,5.4375,0,431a8542-c468-3988-a508-3afd06a218da
1493677020,5.1875,0,431a8542-c468-3988-a508-3afd06a218da
1493677080,5.125,0,431a8542-c468-3988-a508-3afd06a218da
1493677140,5.125,0,431a8542-c468-3988-a508-3afd06a218da
1493677200,5.1875,0,431a8542-c468-3988-a508-3afd06a218da
1493677260,5.375,0,431a8542-c468-3988-a508-3afd06a218da
1493677320,5.25,0,431a8542-c468-3988-a508-3afd06a218da
1493677380,5.375,0,431a8542-c468-3988-a508-3afd06a218da
1493677440,5.25,0,431a8542-c468-3988-a508-3afd06a218da
1493677500,5.125,0,431a8542-c468-3988-a508-3afd06a218da
1493677560,5.375,0,431a8542-c468-3988-a508-3afd06a218da
1493677620,5.1875,0,431a8542-c468-3988-a508-3afd06a218da
1493677680,5.125,0,431a8542-c468-3988-a508-3afd06a218da
1493677740,5.25,0,431a8542-c468-3988-a508-3afd06a218da
1493677800,5.125,0,431a8542-c468-3988-a508-3afd06a218da
1493677860,5.3125,0,431a8542-c468-3988-a508-3afd06a218da
1493677920,5.25,0,431a8542-c468-3988-a508-3afd06a218da
1493677980,5.0,0,431a8542-c468-3988-a508-3afd06a218da
1493678040,5.25,0,431a8542-c468-3988-a508-3afd06a218da
1493678100,5.125,0,431a8542-c468-3988-a508-3afd06a218da
1493678160,5.25,0,431a8542-c468-3988-a508-3afd06a218da
1493678220,5.3125,0,431a8542-c468-3988-a508-3afd06a218da
1493678280,5.0625,0,431a8542-c468-3988-a508-3afd06a218da
1493678340,5.4375,0,431a8542-c468-3988-a508-3afd06a218da
1493678400,5.375,0,431a8542-c468-3988-a508-3afd06a218da
1493678460,5.3125,0,431a8542-c468-3988-a508-3afd06a218da
1493678520,5.25,0,431a8542-c468-3988-a508-3afd06a218da
1493678580,5.3125,0,431a8542-c468-3988-a508-3afd06a218da
1493678640,5.3125,0,431a8542-c468-3988-a508-3afd06a218da
1493678700,5.375,0,431a8542-c468-3988-a508-3afd06a218da
1493678760,5.4375,0,431a8542-c468-3988-a508-3afd06a218da
1493678820,5.3125,0,431a8542-c468-3988-a508-3afd06a218da
1493678880,5.5,0,431a8542-c468-3988-a508-3afd06a218da
1493678940,5.125,0,431a8542-c468-3988-a508-3afd06a218da
1493679000,5.125,0,431a8542-c468-3988-a508-3afd06a218da
1493679060,5.25,0,431a8542-c468-3988-a508-3afd06a218da
1493679120,5.3125,0,431a8542-c468-3988-a508-3afd06a218da
1493679180,5.5625,0,431a8542-c468-3988-a508-3afd06a218da
1493679240,5.375,0,431a8542-c468-3988-a508-3afd06a218da
1493679300,5.5625,0,431a8542-c468-3988-a508-3afd06a218da
1493679360,5.25,0,431a8542-c468-3988-a508-3afd06a218da
1493679420,5.25,0,431a8542-c468-3988-a508-3afd06a218da
1493679480,5.375,0,431a8542-c468-3988-a508-3afd06a218da
1493679540,5.375,0,431a8542-c468-3988-a508-3afd06a218da
1493679600,5.1875,0,431a8542-c468-3988-a508-3afd06a218da
1493679660,5.25,0,431a8542-c468-3988-a508-3afd06a218da
1493679720,5.1875,0,431a8542-c468-3988-a508-3afd06a218da
1493679780,5.375,0,431a8542-c468-3988-a508-3afd06a218da
1493679840,5.125,0,431a8542-c468-3988-a508-3afd06a218da
1493679900,5.375,0,431a8542-c468-3988-a508-3afd06a218da
1493679960,5.5625,0,431a8542-c468-3988-a508-3afd06a218da
1493680020,5.25,0,431a8542-c468-3988-a508-3afd06a218da
1493680080,5.375,0,431a8542-c468-3988-a508-3afd06a218da
1493680140,5.3125,0,431a8542-c468-3988-a508-3afd06a218da
1493680200,5.25,0,431a8542-c468-3988-a508-3afd06a218da
1493680260,5.4375,0,431a8542-c468-3988-a508-3afd06a218da
1493680320,5.25,0,431a8542-c468-3988-a508-3afd06a218da
1493680380,5.3125,0,431a8542-c468-3988-a508-3afd06a218da
1493680440,5.5,0,431a8542-c468-3988-a508-3afd06a218da
1493680500,5.4375,0,431a8542-c468-3988-a508-3afd06a218da
1493680560,5.5625,0,431a8542-c468-3988-a508-3afd06a218da
1493680620,5.1875,0,431a8542-c468-3988-a508-3afd06a218da
1493680680,5.4375,0,431a8542-c468-3988-a508-3afd06a218da
1493680740,5.625,0,431a8542-c468-3988-a508-3afd06a218da
1493680800,5.4375,0,431a8542-c468-3988-a508-3afd06a218da
1493680860,5.25,0,431a8542-c468-3988-a508-3afd06a218da
1493680920,5.4375,0,431a8542-c468-3988-a508-3afd06a218da
1493680980,5.4375,0,431a8542-c468-3988-a508-3afd06a218da
1493681040,5.3125,0,431a8542-c468-3988-a508-3afd06a218da
1493681100,5.375,0,431a8542-c468-3988-a508-3afd06a218da
1493681160,5.25,0,431a8542-c468-3988-a508-3afd06a218da
1493681220,5.375,0,431a8542-c468-3988-a508-3afd06a218da
1493681280,5.5625,0,431a8542-c468-3988-a508-3afd06a218da
1493681340,5.5625,0,431a8542-c468-3988-a508-3afd06a218da
1493681400,5.375,0,431a8542-c468-3988-a508-3afd06a218da
1493681460,5.625,0,431a8542-c468-3988-a508-3afd06a218da
1493681520,5.5625,0,431a8542-c468-3988-a508-3afd06a218da
1493681580,5.5,0,431a8542-c468-3988-a508-3afd06a218da
1493681640,5.5,0,431a8542-c468-3988-a508-3afd06a218da
1493681700,5.5625,0,431a8542-c468-3988-a508-3afd06a218da
1493681760,5.625,0,431a8542-c468-3988-a508-3afd06a218da
1493681820,5.6875,0,431a8542-c468-3988-a508-3afd06a218da
1493681880,5.5625,0,431a8542-c468-3988-a508-3afd06a218da
1493681940,5.8125,0,431a8542-c468-3988-a508-3afd06a218da
1493682000,5.625,0,431a8542-c468-3988-a508-3afd06a218da
1493682060,5.1875,0,431a8542-c468-3988-a508-3afd06a218da
1493682120,5.4375,0,431a8542-c468-3988-a508-3afd06a218da
1493682180,5.3125,0,431a8542-c468-3988-a508-3afd06a218da
1493682240,5.375,0,431a8542-c468-3988-a508-3afd06a218da
1493682300,5.25,0,431a8542-c468-3988-a508-3afd06a218da
1493682360,5.3125,0,431a8542-c468-3988-a508-3afd06a218da
1493682420,5.5625,0,431a8542-c468-3988-a508-3afd06a218da
1493682480,5.5625,0,431a8542-c468-3988-a508-3afd06a218da
1493682540,5.5625,0,431a8542-c468-3988-a508-3afd06a218da
1493682600,5.5625,0,431a8542-c468-3988-a508-3afd06a218da
1493682660,5.4375,0,431a8542-c468-3988-a508-3afd06a218da
1493682720,5.3125,0,431a8542-c468-3988-a508-3afd06a218da
1493682780,5.75,0,431a8542-c468-3988-a508-3afd06a218da
1493682840,5.5,0,431a8542-c468-3988-a508-3afd06a218da
1493682900,5.625,0,431a8542-c468-3988-a508-3afd06a218da
1493682960,6.0625,0,431a8542-c468-3988-a508-3afd06a218da
1493683020,6.0625,0,431a8542-c468-3988-a508-3afd06a218da
1493683080,6.0625,0,431a8542-c468-3988-a508-3afd06a218da
1493683140,5.875,0,431a8542-c468-3988-a508-3afd06a218da
1493683200,6.0,0,431a8542-c468-3988-a508-3afd06a218da
1493683260,5.9375,0,431a8542-c468-3988-a508-3afd06a218da
1493683320,6.0625,0,431a8542-c468-3988-a508-3afd06a218da
1493683380,5.875,0,431a8542-c468-3988-a508-3afd06a218da
1493683440,6.0,0,431a8542-c468-3988-a508-3afd06a218da
1493683500,6.0,0,431a8542-c468-3988-a508-3afd06a218da
1493683560,6.1875,0,431a8542-c468-3988-a508-3afd06a218da
1493683620,6.0625,0,431a8542-c468-3988-a508-3afd06a218da
1493683680,6.0,0,431a8542-c468-3988-a508-3afd06a218da
1493683740,6.1875,0,431a8542-c468-3988-a508-3afd06a218da
1493683800,6.0625,0,431a8542-c468-3988-a508-3afd06a218da
1493683860,6.0,0,431a8542-c468-3988-a508-3afd06a218da
1493683920,6.0625,0,431a8542-c468-3988-a508-3afd06a218da
1493683980,6.0,0,431a8542-c468-3988-a508-3afd06a218da
1493684040,6.0625,0,431a8542-c468-3988-a508-3afd06a218da
1493684100,6.125,0,431a8542-c468-3988-a508-3afd06a218da
1493684160,6.1875,0,431a8542-c468-3988-a508-3afd06a218da
1493684220,5.8125,0,431a8542-c468-3988-a508-3afd06a218da
1493684280,5.9375,0,431a8542-c468-3988-a508-3afd06a218da
1493684340,6.25,0,431a8542-c468-3988-a508-3afd06a218da
1493684400,5.9375,0,431a8542-c468-3988-a508-3afd06a218da
1493684460,6.1875,0,431a8542-c468-3988-a508-3afd06a218da
1493684520,6.0,0,431a8542-c468-3988-a508-3afd06a218da
1493684580,6.0625,0,431a8542-c468-3988-a508-3afd06a218da
1493684640,6.0625,0,431a8542-c468-3988-a508-3afd06a218da
1493684700,6.25,0,431a8542-c468-3988-a508-3afd06a218da
1493684760,6.1875,0,431a8542-c468-3988-a508-3afd06a218da
1493684820,6.125,0,431a8542-c468-3988-a508-3afd06a218da
1493684880,5.875,0,431a8542-c468-3988-a508-3afd06a218da
1493684940,5.9375,0,431a8542-c468-3988-a508-3afd06a218da
1493685000,6.25,0,431a8542-c468-3988-a508-3afd06a218da
1493685060,6.25,0,431a8542-c468-3988-a508-3afd06a218da
1493685120,6.25,0,431a8542-c468-3988-a508-3afd06a218da
1493685180,5.9375,0,431a8542-c468-3988-a508-3afd06a218da
1493685240,6.25,0,431a8542-c468-3988-a508-3afd06a218da
1493685300,6.125,0,431a8542-c468-3988-a508-3afd06a218da
1493685360,6.0,0,431a8542-c468-3988-a508-3afd06a218da
1493685420,5.9375,0,431a8542-c468-3988-a508-3afd06a218da
1493685480,6.125,0,431a8542-c468-3988-a508-3afd06a218da
1493685540,6.125,0,431a8542-c468-3988-a508-3afd06a218da
1493685600,6.125,0,431a8542-c468-3988-a508-3afd06a218da
1493685660,6.25,0,431a8542-c468-3988-a508-3afd06a218da
1493685720,6.1875,0,431a8542-c468-3988-a508-3afd06a218da
1493685780,6.125,0,431a8542-c468-3988-a508-3afd06a218da
1493685840,6.1875,0,431a8542-c468-3988-a508-3afd06a218da
1493685900,6.125,0,431a8542-c468-3988-a508-3afd06a218da
1493685960,6.375,0,431a8542-c468-3988-a508-3afd06a218da
1493686020,6.375,0,431a8542-c468-3988-a508-3afd06a218da
1493686080,6.1875,0,431a8542-c468-3988-a508-3afd06a218da
1493686140,6.125,0,431a8542-c468-3988-a508-3afd06a218da
1493686200,6.125,0,431a8542-c468-3988-a508-3afd06a218da
1493686260,6.0625,0,431a8542-c468-3988-a508-3afd06a218da
1493686320,6.125,0,431a8542-c468-3988-a508-3afd06a218da
1493686380,6.1875,0,431a8542-c468-3988-a508-3afd06a218da
1493686440,6.1875,0,431a8542-c468-3988-a508-3afd06a218da
1493686500,6.125,0,431a8542-c468-3988-a508-3afd06a218da
1493686560,6.0625,0,431a8542-c468-3988-a508-3afd06a218da
1493686620,6.125,0,431a8542-c468-3988-a508-3afd06a218da
1493686680,6.4375,0,431a8542-c468-3988-a508-3afd06a218da
1493686740,6.1875,0,431a8542-c468-3988-a508-3afd06a218da
1493686800,6.125,0,431a8542-c468-3988-a508-3afd06a218da
1493686860,6.3125,0,431a8542-c468-3988-a508-3afd06a218da
1493686920,6.0625,0,431a8542-c468-3988-a508-3afd06a218da
1493686980,6.3125,0,431a8542-c468-3988-a508-3afd06a218da
1493687040,6.0,0,431a8542-c468-3988-a508-3afd06a218da
1493687100,5.9375,0,431a8542-c468-3988-a508-3afd06a218da
1493687160,6.125,0,431a8542-c468-3988-a508-3afd06a218da
1493687220,6.1875,0,431a8542-c468-3988-a508-3afd06a218da
1493687280,6.0625,0,431a8542-c468-3988-a508-3afd06a218da
1493687340,6.0,0,431a8542-c468-3988-a508-3afd06a218da
1493687400,6.3125,0,431a8542-c468-3988-a508-3afd06a218da
1493687460,6.1875,0,431a8542-c468-3988-a508-3afd06a218da
1493687520,6.1875,0,431a8542-c468-3988-a508-3afd06a218da
1493687580,5.9375,0,431a8542-c468-3988-a508-3afd06a218da
1493687640,6.0,0,431a8542-c468-3988-a508-3afd06a218da
1493687700,6.125,0,431a8542-c468-3988-a508-3afd06a218da
1493687760,6.0625,0,431a8542-c468-3988-a508-3afd06a218da
1493687820,6.125,0,431a8542-c468-3988-a508-3afd06a218da
1493687880,6.125,0,431a8542-c468-3988-a508-3afd06a218da
1493687940,6.3125,0,431a8542-c468-3988-a508-3afd06a218da
1493688000,6.25,0,431a8542-c468-3988-a508-3afd06a218da
1493688060,6.375,0,431a8542-c468-3988-a508-3afd06a218da
1493688120,6.125,0,431a8542-c468-3988-a508-3afd06a218da
1493688180,6.125,0,431a8542-c468-3988-a508-3afd06a218da
1493688240,6.1875,0,431a8542-c468-3988-a508-3afd06a218da
1493688300,6.1875,0,431a8542-c468-3988-a508-3afd06a218da
1493688360,6.1875,0,431a8542-c468-3988-a508-3afd06a218da
1493688420,6.25,0,431a8542-c468-3988-a508-3afd06a218da
1493688480,6.0625,0,431a8542-c468-3988-a508-3afd06a218da
1493688540,6.25,0,431a8542-c468-3988-a508-3afd06a218da
1493688600,6.25,0,431a8542-c468-3988-a508-3afd06a218da
1493688660,5.9375,0,431a8542-c468-3988-a508-3afd06a218da
1493688720,6.25,0,431a8542-c468-3988-a508-3afd06a218da
1493688780,6.1875,0,431a8542-c468-3988-a508-3afd06a218da
1493688840,6.3125,0,431a8542-c468-3988-a508-3afd06a218da
1493688900,6.25,0,431a8542-c468-3988-a508-3afd06a218da
1493688960,6.1875,0,431a8542-c468-3988-a508-3afd06a218da
1493689020,6.25,0,431a8542-c468-3988-a508-3afd06a218da
1493689080,6.125,0,431a8542-c468-3988-a508-3afd06a218da
1493689140,6.1875,0,431a8542-c468-3988-a508-3afd06a218da
1493689200,6.25,0,431a8542-c468-3988-a508-3afd06a218da
1493689260,6.375,0,431a8542-c468-3988-a508-3afd06a218da
1493689320,6.1875,0,431a8542-c468-3988-a508-3afd06a218da
1493689380,6.1875,0,431a8542-c468-3988-a508-3afd06a218da
1493689440,6.375,0,431a8542-c468-3988-a508-3afd06a218da
1493689500,6.375,0,431a8542-c468-3988-a508-3afd06a218da
1493689560,6.1875,0,431a8542-c468-3988-a508-3afd06a218da
1493689620,6.1875,0,431a8542-c468-3988-a508-3afd06a218da
1493689680,6.1875,0,431a8542-c468-3988-a508-3afd06a218da
1493689740,6.25,0,431a8542-c468-3988-a508-3afd06a218da
1493689800,6.5625,0,431a8542-c468-3988-a508-3afd06a218da
1493689860,6.375,0,431a8542-c468-3988-a508-3afd06a218da
1493689920,6.1875,0,431a8542-c468-3988-a508-3afd06a218da
1493689980,6.4375,0,431a8542-c468-3988-a508-3afd06a218da
1493690040,6.25,0,431a8542-c468-3988-a508-3afd06a218da
1493690100,6.3125,0,431a8542-c468-3988-a508-3afd06a218da
1493690160,6.4375,0,431a8542-c468-3988-a508-3afd06a218da
1493690220,6.375,0,431a8542-c468-3988-a508-3afd06a218da
1493690280,6.1875,0,431a8542-c468-3988-a508-3afd06a218da
1493690340,6.375,0,431a8542-c468-3988-a508-3afd06a218da
1493690400,6.25,0,431a8542-c468-3988-a508-3afd06a218da
1493690460,6.25,0,431a8542-c468-3988-a508-3afd06a218da
1493690520,6.4375,0,431a8542-c468-3988-a508-3afd06a218da
1493690580,6.375,0,431a8542-c468-3988-a508-3afd06a218da
1493690640,6.5625,0,431a8542-c468-3988-a508-3afd06a218da
1493690700,6.375,0,431a8542-c468-3988-a508-3afd06a218da
1493690760,6.1875,0,431a8542-c468-3988-a508-3afd06a218da
1493690820,6.5625,0,431a8542-c468-3988-a508-3afd06a218da
1493690880,6.375,0,431a8542-c468-3988-a508-3afd06a218da
1493690940,6.375,0,431a8542-c468-3988-a508-3afd06a218da
1493691000,6.5625,0,431a8542-c468-3988-a508-3afd06a218da
1493691060,6.5,0,431a8542-c468-3988-a508-3afd06a218da
1493691120,6.6875,0,431a8542-c468-3988-a508-3afd06a218da
1493691180,6.6875,0,431a8542-c468-3988-a508-3afd06a218da
1493691240,6.625,0,431a8542-c468-3988-a508-3afd06a218da
1493691300,6.5625,0,431a8542-c468-3988-a508-3afd06a218da
1493691360,6.4375,0,431a8542-c468-3988-a508-3afd06a218da
1493691420,6.4375,0,431a8542-c468-3988-a508-3afd06a218da
1493691480,6.5,0,431a8542-c468-3988-a508-3afd06a218da
1493691540,6.3125,0,431a8542-c468-3988-a508-3afd06a218da
1493691600,6.25,0,431a8542-c468-3988-a508-3afd06a218da
1493691660,6.75,0,431a8542-c468-3988-a508-3afd06a218da
1493691720,6.6875,0,431a8542-c468-3988-a508-3afd06a218da
1493691780,6.625,0,431a8542-c468-3988-a508-3afd06a218da
1493691840,6.375,0,431a8542-c468-3988-a508-3afd06a218da
1493691900,6.6875,0,431a8542-c468-3988-a508-3afd06a218da
1493691960,6.625,0,431a8542-c468-3988-a508-3afd06a218da
1493692020,6.6875,0,431a8542-c468-3988-a508-3afd06a218da
1493692080,6.8125,0,431a8542-c468-3988-a508-3afd06a218da
1493692140,6.5625,0,431a8542-c468-3988-a508-3afd06a218da
1493692200,6.6875,0,431a8542-c468-3988-a508-3afd06a218da
1493692260,6.8125,0,431a8542-c468-3988-a508-3afd06a218da
1493692320,6.6875,0,431a8542-c468-3988-a508-3afd06a218da
1493692380,6.75,0,431a8542-c468-3988-a508-3afd06a218da
1493692440,6.625,0,431a8542-c468-3988-a508-3afd06a218da
1493692500,6.5,0,431a8542-c468-3988-a508-3afd06a218da
1493692560,6.9375,0,431a8542-c468-3988-a508-3afd06a218da
1493692620,6.4375,0,431a8542-c468-3988-a508-3afd06a218da
1493692680,6.8125,0,431a8542-c468-3988-a508-3afd06a218da
1493692740,6.9375,0,431a8542-c468-3988-a508-3afd06a218da
1493692800,6.6875,0,431a8542-c468-3988-a508-3afd06a218da
1493692860,6.625,0,431a8542-c468-3988-a508-3afd06a218da
1493692920,7.0,0,431a8542-c468-3988-a508-3afd06a218da
1493692980,6.5625,0,431a8542-c468-3988-a508-3afd06a218da
1493693040,6.875,0,431a8542-c468-3988-a508-3afd06a218da
1493693100,6.8125,0,431a8542-c468-3988-a508-3afd06a218da
1493693160,6.9375,0,431a8542-c468-3988-a508-3afd06a218da
1493693220,6.9375,0,431a8542-c468-3988-a508-3afd06a218da
1493693280,6.9375,0,431a8542-c468-3988-a508-3afd06a218da
1493693340,7.0,0,431a8542-c468-3988-a508-3afd06a218da
1493693400,7.0625,0,431a8542-c468-3988-a508-3afd06a218da
1493693460,6.875,0,431a8542-c468-3988-a508-3afd06a218da
1493693520,6.875,0,431a8542-c468-3988-a508-3afd06a218da
1493693580,7.0,0,431a8542-c468-3988-a508-3afd06a218da
1493693640,6.9375,0,431a8542-c468-3988-a508-3afd06a218da
1493693700,6.9375,0,431a8542-c468-3988-a508-3afd06a218da
1493693760,6.9375,0,431a8542-c468-3988-a508-3afd06a218da
1493693820,7.0,0,431a8542-c468-3988-a508-3afd06a218da
1493693880,6.9375,0,431a8542-c468-3988-a508-3afd06a218da
1493693940,6.9375,0,431a8542-c468-3988-a508-3afd06a218da
1493697600,7.4375,0,431a8542-c468-3988-a508-3afd06a218da
1493697660,7.6875,0,431a8542-c468-3988-a508-3afd06a218da
1493697720,7.5,0,431a8542-c468-3988-a508-3afd06a218da
1493697780,7.6875,0,431a8542-c468-3988-a508-3afd06a218da
1493697840,7.5625,0,431a8542-c468-3988-a508-3afd06a218da
1493697900,7.625,0,431a8542-c468-3988-a508-3afd06a218da
1493697960,7.3125,0,431a8542-c468-3988-a508-3afd06a218da
1493698020,7.5,0,431a8542-c468-3988-a508-3afd06a218da
1493698080,7.625,0,431a8542-c468-3988-a508-3afd06a218da
1493698140,7.3125,0,431a8542-c468-3988-a508-3afd06a218da
1493698200,7.375,0,431a8542-c468-3988-a508-3afd06a218da
1493698260,7.5625,0,431a8542-c468-3988-a508-3afd06a218da
1493698320,7.4375,0,431a8542-c468-3988-a508-3afd06a218da
1493698380,7.6875,0,431a8542-c468-3988-a508-3afd06a218da
1493698440,7.8125,0,431a8542-c468-3988-a508-3afd06a218da
1493698500,7.5,0,431a8542-c468-3988-a508-3afd06a218da
1493698560,7.75,0,431a8542-c468-3988-a508-3afd06a218da
1493698620,7.625,0,431a8542-c468-3988-a508-3afd06a218da
1493698680,7.375,0,431a8542-c468-3988-a508-3afd06a218da
1493698740,7.75,0,431a8542-c468-3988-a508-3afd06a218da
1493698800,7.9375,0,431a8542-c468-3988-a508-3afd06a218da
1493698860,7.4375,0,431a8542-c468-3988-a508-3afd06a218da
1493698920,7.75,0,431a8542-c468-3988-a508-3afd06a218da
1493698980,7.5625,0,431a8542-c468-3988-a508-3afd06a218da
1493699040,7.8125,0,431a8542-c468-3988-a508-3afd06a218da
1493699100,7.5,0,431a8542-c468-3988-a508-3afd06a218da
1493699160,7.625,0,431a8542-c468-3988-a508-3afd06a218da
1493699220,7.8125,0,431a8542-c468-3988-a508-3afd06a218da
1493699280,7.625,0,431a8542-c468-3988-a508-3afd06a218da
1493699340,7.6875,0,431a8542-c468-3988-a508-3afd06a218da
1493699400,7.5,0,431a8542-c468-3988-a508-3afd06a218da
1493699460,7.75,0,431a8542-c468-3988-a508-3afd06a218da
1493699520,7.5625,0,431a8542-c468-3988-a508-3afd06a218da
1493699580,7.4375,0,431a8542-c468-3988-a508-3afd06a218da
1493699640,7.5,0,431a8542-c468-3988-a508-3afd06a218da
1493699700,7.6875,0,431a8542-c468-3988-a508-3afd06a218da
1493699760,7.6875,0,431a8542-c468-3988-a508-3afd06a218da
1493699820,7.5625,0,431a8542-c468-3988-a508-3afd06a218da
1493699880,7.8125,0,431a8542-c468-3988-a508-3afd06a218da
1493699940,7.375,0,431a8542-c468-3988-a508-3afd06a218da
1493700000,7.5625,0,431a8542-c468-3988-a508-3afd06a218da
1493700060,7.8125,0,431a8542-c468-3988-a508-3afd06a218da
1493700120,7.4375,0,431a8542-c468-3988-a508-3afd06a218da
1493700180,7.6875,0,431a8542-c468-3988-a508-3afd06a218da
1493700240,7.8125,0,431a8542-c468-3988-a508-3afd06a218da
1493700300,7.5625,0,431a8542-c468-3988-a508-3afd06a218da
1493700360,7.75,0,431a8542-c468-3988-a508-3afd06a218da
1493700420,7.875,0,431a8542-c468-3988-a508-3afd06a218da
1493700480,7.875,0,431a8542-c468-3988-a508-3afd06a218da
1493700540,7.75,0,431a8542-c468-3988-a508-3afd06a218da
1493700600,7.8125,0,431a8542-c468-3988-a508-3afd06a218da
1493700660,7.75,0,431a8542-c468-3988-a508-3afd06a218da
1493700720,7.8125,0,431a8542-c468-3988-a508-3afd06a218da
1493700780,7.6875,0,431a8542-c468-3988-a508-3afd06a218da
1493700840,7.5,0,431a8542-c468-3988-a508-3afd06a218da
1493700900,7.6875,0,431a8542-c468-3988-a508-3afd06a218da
1493700960,7.8125,0,431a8542-c468-3988-a508-3afd06a218da
1493701020,7.875,0,431a8542-c468-3988-a508-3afd06a218da
1493701080,7.625,0,431a8542-c468-3988-a508-3afd06a218da
1493701140,7.4375,0,431a8542-c468-3988-a508-3afd06a218da
1493701200,7.6875,0,431a8542-c468-3988-a508-3afd06a218da
1493701260,7.8125,0,431a8542-c468-3988-a508-3afd06a218da
1493701320,7.6875,0,431a8542-c468-3988-a508-3afd06a218da
1493701380,7.8125,0,431a8542-c468-3988-a508-3afd06a218da
1493701440,7.6875,0,431a8542-c468-3988-a508-3afd06a218da
1493701500,7.5,0,431a8542-c468-3988-a508-3afd06a218da
1493701560,7.6875,0,431a8542-c468-3988-a508-3afd06a218da
1493701620,7.5625,0,431a8542-c468-3988-a508-3afd06a218da
1493701680,7.6875,0,431a8542-c468-3988-a508-3afd06a218da
1493701740,7.5625,0,431a8542-c468-3988-a508-3afd06a218da
1493701800,7.4375,0,431a8542-c468-3988-a508-3afd06a218da
1493701860,7.5,0,431a8542-c468-3988-a508-3afd06a218da
1493701920,7.5,0,431a8542-c468-3988-a508-3afd06a218da
1493701980,7.375,0,431a8542-c468-3988-a508-3afd06a218da
1493702040,7.3125,0,431a8542-c468-3988-a508-3afd06a218da
1493702100,7.25,0,431a8542-c468-3988-a508-3afd06a218da
1493702160,7.4375,0,431a8542-c468-3988-a508-3afd06a218da
1493702220,7.5,0,431a8542-c468-3988-a508-3afd06a218da
1493702280,7.4375,0,431a8542-c468-3988-a508-3afd06a218da
1493702340,7.375,0,431a8542-c468-3988-a508-3afd06a218da
1493702400,7.5,0,431a8542-c468-3988-a508-3afd06a218da
1493702460,7.375,0,431a8542-c468-3988-a508-3afd06a218da
1493702520,7.25,0,431a8542-c468-3988-a508-3afd06a218da
1493702580,7.5,0,431a8542-c468-3988-a508-3afd06a218da
1493702640,7.375,0,431a8542-c468-3988-a508-3afd06a218da
1493702700,7.25,0,431a8542-c468-3988-a508-3afd06a218da
1493702760,7.1875,0,431a8542-c468-3988-a508-3afd06a218da
1493702820,7.3125,0,431a8542-c468-3988-a508-3afd06a218da
1493702880,7.0,0,431a8542-c468-3988-a508-3afd06a218da
1493702940,7.375,0,431a8542-c468-3988-a508-3afd06a218da
1493703000,7.3125,0,431a8542-c468-3988-a508-3afd06a218da
1493703060,7.3125,0,431a8542-c468-3988-a508-3afd06a218da
1493703120,7.4375,0,431a8542-c468-3988-a508-3afd06a218da
1493703180,7.3125,0,431a8542-c468-3988-a508-3afd06a218da
1493703240,7.25,0,431a8542-c468-3988-a508-3afd06a218da
1493703300,7.3125,0,431a8542-c468-3988-a508-3afd06a218da
1493703360,7.1875,0,431a8542-c468-3988-a508-3afd06a218da
1493703420,7.0625,0,431a8542-c468-3988-a508-3afd06a218da
1493703480,7.25,0,431a8542-c468-3988-a508-3afd06a218da
1493703540,7.125,0,431a8542-c468-3988-a508-3afd06a218da
1493703600,6.9375,0,431a8542-c468-3988-a508-3afd06a218da
1493703660,7.125,0,431a8542-c468-3988-a508-3afd06a218da
1493703720,7.125,0,431a8542-c468-3988-a508-3afd06a218da
1493703780,7.0,0,431a8542-c468-3988-a508-3afd06a218da
1493703840,7.125,0,431a8542-c468-3988-a508-3afd06a218da
1493703900,7.25,0,431a8542-c468-3988-a508-3afd06a218da
1493703960,7.1875,0,431a8542-c468-3988-a508-3afd06a218da
1493704020,7.1875,0,431a8542-c468-3988-a508-3afd06a218da
1493704080,7.0625,0,431a8542-c468-3988-a508-3afd06a218da
1493704140,7.125,0,431a8542-c468-3988-a508-3afd06a218da
1493704200,7.1875,0,431a8542-c468-3988-a508-3afd06a218da
1493704260,6.875,0,431a8542-c468-3988-a508-3afd06a218da
1493704320,6.9375,0,431a8542-c468-3988-a508-3afd06a218da
1493704380,6.9375,0,431a8542-c468-3988-a508-3afd06a218da
1493704440,6.9375,0,431a8542-c468-3988-a508-3afd06a218da
1493704500,7.0625,0,431a8542-c468-3988-a508-3afd06a218da
1493704560,6.75,0,431a8542-c468-3988-a508-3afd06a218da
1493704620,6.75,0,431a8542-c468-3988-a508-3afd06a218da
1493704680,6.9375,0,431a8542-c468-3988-a508-3afd06a218da
1493704740,6.75,0,431a8542-c468-3988-a508-3afd06a218da
1493704800,6.875,0,431a8542-c468-3988-a508-3afd06a218da
1493704860,6.9375,0,431a8542-c468-3988-a508-3afd06a218da
1493704920,6.875,0,431a8542-c468-3988-a508-3afd06a218da
1493704980,6.875,0,431a8542-c468-3988-a508-3afd06a218da
1493705040,6.875,0,431a8542-c468-3988-a508-3afd06a218da
1493705100,6.5,0,431a8542-c468-3988-a508-3afd06a218da
1493705160,6.5,0,431a8542-c468-3988-a508-3afd06a218da
1493705220,6.5,0,431a8542-c468-3988-a508-3afd06a218da
1493705280,6.625,0,431a8542-c468-3988-a508-3afd06a218da
1493705340,6.875,0,431a8542-c468-3988-a508-3afd06a218da
1493705400,6.5625,0,431a8542-c468-3988-a508-3afd06a218da
1493705460,6.5,0,431a8542-c468-3988-a508-3afd06a218da
1493705520,6.5,0,431a8542-c468-3988-a508-3afd06a218da
1493705580,6.5625,0,431a8542-c468-3988-a508-3afd06a218da
1493705640,6.4375,0,431a8542-c468-3988-a508-3afd06a218da
1493705700,6.6875,0,431a8542-c468-3988-a508-3afd06a218da
1493705760,6.3125,0,431a8542-c468-3988-a508-3afd06a218da
1493705820,6.5,0,431a8542-c468-3988-a508-3afd06a218da
1493705880,6.625,0,431a8542-c468-3988-a508-3afd06a218da
1493705940,6.375,0,431a8542-c468-3988-a508-3afd06a218da
1493706000,6.6875,0,431a8542-c468-3988-a508-3afd06a218da
1493706060,6.5,0,431a8542-c468-3988-a508-3afd06a218da
1493706120,6.125,0,431a8542-c468-3988-a508-3afd06a218da
1493706180,6.375,0,431a8542-c468-3988-a508-3afd06a218da
1493706240,6.375,0,431a8542-c468-3988-a508-3afd06a218da
1493706300,6.125,0,431a8542-c468-3988-a508-3afd06a218da
1493706360,6.25,0,431a8542-c468-3988-a508-3afd06a218da
1493706420,6.375,0,431a8542-c468-3988-a508-3afd06a218da
1493706480,6.125,0,431a8542-c468-3988-a508-3afd06a218da
1493706540,6.0625,0,431a8542-c468-3988-a508-3afd06a218da
1493706600,6.125,0,431a8542-c468-3988-a508-3afd06a218da
1493706660,6.125,0,431a8542-c468-3988-a508-3afd06a218da
1493706720,6.125,0,431a8542-c468-3988-a508-3afd06a218da
1493706780,5.9375,0,431a8542-c468-3988-a508-3afd06a218da
1493706840,6.0625,0,431a8542-c468-3988-a508-3afd06a218da
1493706900,6.1875,0,431a8542-c468-3988-a508-3afd06a218da
1493706960,5.8125,0,431a8542-c468-3988-a508-3afd06a218da
1493707020,5.9375,0,431a8542-c468-3988-a508-3afd06a218da
1493707080,5.75,0,431a8542-c468-3988-a508-3afd06a218da
1493707140,5.875,0,431a8542-c468-3988-a508-3afd06a218da
1493707200,6.0,0,431a8542-c468-3988-a508-3afd06a218da
1493707260,5.9375,0,431a8542-c468-3988-a508-3afd06a218da
1493707320,5.8125,0,431a8542-c468-3988-a508-3afd06a218da
1493707380,5.875,0,431a8542-c468-3988-a508-3afd06a218da
1493707440,6.0,0,431a8542-c468-3988-a508-3afd06a218da
1493707500,5.9375,0,431a8542-c468-3988-a508-3afd06a218da
1493707560,5.75,0,431a8542-c468-3988-a508-3afd06a218da
1493707620,5.75,0,431a8542-c468-3988-a508-3afd06a218da
1493707680,5.9375,0,431a8542-c468-3988-a508-3afd06a218da
1493707740,5.875,0,431a8542-c468-3988-a508-3afd06a218da
1493707800,5.5625,0,431a8542-c468-3988-a508-3afd06a218da
1493707860,5.75,0,431a8542-c468-3988-a508-3afd06a218da
1493707920,5.5,0,431a8542-c468-3988-a508-3afd06a218da
1493707980,5.4375,0,431a8542-c468-3988-a508-3afd06a218da
1493708040,5.6875,0,431a8542-c468-3988-a508-3afd06a218da
1493708100,5.733333110809999,0,431a8542-c468-3988-a508-3afd06a218da
1493708160,5.5625,0,431a8542-c468-3988-a508-3afd06a218da
1493708220,5.375,0,431a8542-c468-3988-a508-3afd06a218da
1493708280,5.5,0,431a8542-c468-3988-a508-3afd06a218da
1493708340,5.375,0,431a8542-c468-3988-a508-3afd06a218da
1493708400,4.9375,0,431a8542-c468-3988-a508-3afd06a218da
1493708460,5.375,0,431a8542-c468-3988-a508-3afd06a218da
1493708520,5.25,0,431a8542-c468-3988-a508-3afd06a218da
1493708580,5.125,0,431a8542-c468-3988-a508-3afd06a218da
1493708640,5.1875,0,431a8542-c468-3988-a508-3afd06a218da
1493708700,5.1875,0,431a8542-c468-3988-a508-3afd06a218da
1493708760,5.25,0,431a8542-c468-3988-a508-3afd06a218da
1493708820,5.1875,0,431a8542-c468-3988-a508-3afd06a218da
1493708880,5.25,0,431a8542-c468-3988-a508-3afd06a218da
1493708940,5.0625,0,431a8542-c468-3988-a508-3afd06a218da
1493709000,5.4375,0,431a8542-c468-3988-a508-3afd06a218da
1493709060,5.0625,0,431a8542-c468-3988-a508-3afd06a218da
1493709120,5.0625,0,431a8542-c468-3988-a508-3afd06a218da
1493709180,5.125,0,431a8542-c468-3988-a508-3afd06a218da
1493709240,4.875,0,431a8542-c468-3988-a508-3afd06a218da
1493709300,4.9375,0,431a8542-c468-3988-a508-3afd06a218da
1493709360,4.9375,0,431a8542-c468-3988-a508-3afd06a218da
1493709420,4.875,0,431a8542-c468-3988-a508-3afd06a218da
1493709480,4.9375,0,431a8542-c468-3988-a508-3afd06a218da
1493709540,5.125,0,431a8542-c468-3988-a508-3afd06a218da
1493709600,4.8125,0,431a8542-c468-3988-a508-3afd06a218da
1493709660,4.875,0,431a8542-c468-3988-a508-3afd06a218da
1493709720,4.8125,0,431a8542-c468-3988-a508-3afd06a218da
1493709780,4.75,0,431a8542-c468-3988-a508-3afd06a218da
1493709840,4.6875,0,431a8542-c468-3988-a508-3afd06a218da
1493709900,4.8125,0,431a8542-c468-3988-a508-3afd06a218da
1493709960,4.5625,0,431a8542-c468-3988-a508-3afd06a218da
1493710020,4.8125,0,431a8542-c468-3988-a508-3afd06a218da
1493710080,4.625,0,431a8542-c468-3988-a508-3afd06a218da
1493710140,4.8125,0,431a8542-c468-3988-a508-3afd06a218da
1493710200,4.5625,0,431a8542-c468-3988-a508-3afd06a218da
1493710260,4.6875,0,431a8542-c468-3988-a508-3afd06a218da
1493710320,4.625,0,431a8542-c468-3988-a508-3afd06a218da
1493710380,4.625,0,431a8542-c468-3988-a508-3afd06a218da
1493710440,4.6875,0,431a8542-c468-3988-a508-3afd06a218da
1493710500,4.6875,0,431a8542-c468-3988-a508-3afd06a218da
1493710560,4.5,0,431a8542-c468-3988-a508-3afd06a218da
1493710620,4.1875,0,431a8542-c468-3988-a508-3afd06a218da
1493710680,4.25,0,431a8542-c468-3988-a508-3afd06a218da
1493710740,4.5625,0,431a8542-c468-3988-a508-3afd06a218da
1493710800,4.375,0,431a8542-c468-3988-a508-3afd06a218da
1493710860,4.3125,0,431a8542-c468-3988-a508-3afd06a218da
1493710920,4.375,0,431a8542-c468-3988-a508-3afd06a218da
1493710980,4.5,0,431a8542-c468-3988-a508-3afd06a218da
1493711040,4.3125,0,431a8542-c468-3988-a508-3afd06a218da
1493711100,4.625,0,431a8542-c468-3988-a508-3afd06a218da
1493711160,4.25,0,431a8542-c468-3988-a508-3afd06a218da
1493711220,4.4375,0,431a8542-c468-3988-a508-3afd06a218da
1493711280,4.3125,0,431a8542-c468-3988-a508-3afd06a218da
1493711340,4.1875,0,431a8542-c468-3988-a508-3afd06a218da
1493711400,4.375,0,431a8542-c468-3988-a508-3afd06a218da
1493711460,4.125,0,431a8542-c468-3988-a508-3afd06a218da
1493711520,4.25,0,431a8542-c468-3988-a508-3afd06a218da
1493711580,4.3125,0,431a8542-c468-3988-a508-3afd06a218da
1493711640,4.0625,0,431a8542-c468-3988-a508-3afd06a218da
1493711700,4.0,0,431a8542-c468-3988-a508-3afd06a218da
1493711760,4.125,0,431a8542-c468-3988-a508-3afd06a218da
1493711820,3.875,0,431a8542-c468-3988-a508-3afd06a218da
1493711880,4.0,0,431a8542-c468-3988-a508-3afd06a218da
1493711940,4.0,0,431a8542-c468-3988-a508-3afd06a218da
1493712000,4.1875,0,431a8542-c468-3988-a508-3afd06a218da
1493712060,4.3125,0,431a8542-c468-3988-a508-3afd06a218da
1493712120,4.0,0,431a8542-c468-3988-a508-3afd06a218da
1493712180,4.0625,0,431a8542-c468-3988-a508-3afd06a218da
1493712240,4.0,0,431a8542-c468-3988-a508-3afd06a218da
1493712300,4.125,0,431a8542-c468-3988-a508-3afd06a218da
1493712360,3.9375,0,431a8542-c468-3988-a508-3afd06a218da
1493712420,4.0625,0,431a8542-c468-3988-a508-3afd06a218da
1493712480,3.9375,0,431a8542-c468-3988-a508-3afd06a218da
1493712540,3.8125,0,431a8542-c468-3988-a508-3afd06a218da
1493712600,3.9375,0,431a8542-c468-3988-a508-3afd06a218da
1493712660,3.875,0,431a8542-c468-3988-a508-3afd06a218da
1493712720,4.0,0,431a8542-c468-3988-a508-3afd06a218da
1493712780,3.9375,0,431a8542-c468-3988-a508-3afd06a218da
1493712840,3.9375,0,431a8542-c468-3988-a508-3afd06a218da
1493712900,4.0,0,431a8542-c468-3988-a508-3afd06a218da
1493712960,3.875,0,431a8542-c468-3988-a508-3afd06a218da
1493713020,3.9375,0,431a8542-c468-3988-a508-3afd06a218da
1493713080,3.9375,0,431a8542-c468-3988-a508-3afd06a218da
1493713140,3.875,0,431a8542-c468-3988-a508-3afd06a218da
1493713200,3.9375,0,431a8542-c468-3988-a508-3afd06a218da
1493713260,4.0,0,431a8542-c468-3988-a508-3afd06a218da
1493713320,3.875,0,431a8542-c468-3988-a508-3afd06a218da
1493713380,4.0,0,431a8542-c468-3988-a508-3afd06a218da
1493713440,3.9375,0,431a8542-c468-3988-a508-3afd06a218da
1493713500,3.875,0,431a8542-c468-3988-a508-3afd06a218da
1493713560,3.9375,0,431a8542-c468-3988-a508-3afd06a218da
1493713620,3.9375,0,431a8542-c468-3988-a508-3afd06a218da
1493713680,3.9375,0,431a8542-c468-3988-a508-3afd06a218da
1493713740,3.75,0,431a8542-c468-3988-a508-3afd06a218da
1493713800,3.8125,0,431a8542-c468-3988-a508-3afd06a218da
1493713860,4.0,0,431a8542-c468-3988-a508-3afd06a218da
1493713920,3.9375,0,431a8542-c468-3988-a508-3afd06a218da
1493713980,3.75,0,431a8542-c468-3988-a508-3afd06a218da
1493714040,3.75,0,431a8542-c468-3988-a508-3afd06a218da
1493714100,3.8125,0,431a8542-c468-3988-a508-3afd06a218da
1493714160,3.9375,0,431a8542-c468-3988-a508-3afd06a218da
1493714220,3.6875,0,431a8542-c468-3988-a508-3afd06a218da
1493714280,3.8125,0,431a8542-c468-3988-a508-3afd06a218da
1493714340,3.8125,0,431a8542-c468-3988-a508-3afd06a218da
1493714400,3.875,0,431a8542-c468-3988-a508-3afd06a218da
1493714460,3.9375,0,431a8542-c468-3988-a508-3afd06a218da
1493714520,3.6875,0,431a8542-c468-3988-a508-3afd06a218da
1493714580,3.6875,0,431a8542-c468-3988-a508-3afd06a218da
1493714640,3.75,0,431a8542-c468-3988-a508-3afd06a218da
1493714700,3.75,0,431a8542-c468-3988-a508-3afd06a218da
1493714760,3.6875,0,431a8542-c468-3988-a508-3afd06a218da
1493714820,3.75,0,431a8542-c468-3988-a508-3afd06a218da
1493714880,3.75,0,431a8542-c468-3988-a508-3afd06a218da
1493714940,3.8125,0,431a8542-c468-3988-a508-3afd06a218da
1493715000,3.625,0,431a8542-c468-3988-a508-3afd06a218da
1493715060,4.0,0,431a8542-c468-3988-a508-3afd06a218da
1493715120,3.875,0,431a8542-c468-3988-a508-3afd06a218da
1493715180,3.625,0,431a8542-c468-3988-a508-3afd06a218da
1493715240,3.625,0,431a8542-c468-3988-a508-3afd06a218da
1493715300,3.875,0,431a8542-c468-3988-a508-3afd06a218da
1493715360,3.6875,0,431a8542-c468-3988-a508-3afd06a218da
1493715420,3.8125,0,431a8542-c468-3988-a508-3afd06a218da
1493715480,3.8125,0,431a8542-c468-3988-a508-3afd06a218da
1493715540,3.875,0,431a8542-c468-3988-a508-3afd06a218da
1493715600,3.9375,0,431a8542-c468-3988-a508-3afd06a218da
1493715660,3.875,0,431a8542-c468-3988-a508-3afd06a218da
1493715720,3.8125,0,431a8542-c468-3988-a508-3afd06a218da
1493715780,3.6875,0,431a8542-c468-3988-a508-3afd06a218da
1493715840,3.8125,0,431a8542-c468-3988-a508-3afd06a218da
1493715900,3.5,0,431a8542-c468-3988-a508-3afd06a218da
1493715960,3.9375,0,431a8542-c468-3988-a508-3afd06a218da
1493716020,3.4375,0,431a8542-c468-3988-a508-3afd06a218da
1493716080,3.5625,0,431a8542-c468-3988-a508-3afd06a218da
1493716140,3.5625,0,431a8542-c468-3988-a508-3afd06a218da
1493716200,3.6875,0,431a8542-c468-3988-a508-3afd06a218da
1493716260,3.4375,0,431a8542-c468-3988-a508-3afd06a218da
1493716320,3.8125,0,431a8542-c468-3988-a508-3afd06a218da
1493716380,3.8125,0,431a8542-c468-3988-a508-3afd06a218da
1493716440,3.8125,0,431a8542-c468-3988-a508-3afd06a218da
1493716500,3.8125,0,431a8542-c468-3988-a508-3afd06a218da
1493716560,3.625,0,431a8542-c468-3988-a508-3afd06a218da
1493716620,3.75,0,431a8542-c468-3988-a508-3afd06a218da
1493716680,3.6875,0,431a8542-c468-3988-a508-3afd06a218da
1493716740,3.625,0,431a8542-c468-3988-a508-3afd06a218da
1493716800,3.8125,0,431a8542-c468-3988-a508-3afd06a218da
1493716860,3.5625,0,431a8542-c468-3988-a508-3afd06a218da
1493716920,3.625,0,431a8542-c468-3988-a508-3afd06a218da
1493716980,3.75,0,431a8542-c468-3988-a508-3afd06a218da
1493717040,3.6875,0,431a8542-c468-3988-a508-3afd06a218da
1493717100,3.5625,0,431a8542-c468-3988-a508-3afd06a218da
1493717160,3.8125,0,431a8542-c468-3988-a508-3afd06a218da
1493717220,3.5625,0,431a8542-c468-3988-a508-3afd06a218da
1493717280,3.75,0,431a8542-c468-3988-a508-3afd06a218da
1493717340,3.625,0,431a8542-c468-3988-a508-3afd06a218da
1493717400,3.75,0,431a8542-c468-3988-a508-3afd06a218da
1493717460,3.5,0,431a8542-c468-3988-a508-3afd06a218da
1493717520,3.625,0,431a8542-c468-3988-a508-3afd06a218da
1493717580,3.5625,0,431a8542-c468-3988-a508-3afd06a218da
1493717640,3.5625,0,431a8542-c468-3988-a508-3afd06a218da
1493717700,3.75,0,431a8542-c468-3988-a508-3afd06a218da
1493717760,3.6875,0,431a8542-c468-3988-a508-3afd06a218da
1493717820,3.8125,0,431a8542-c468-3988-a508-3afd06a218da
1493717880,3.625,0,431a8542-c468-3988-a508-3afd06a218da
1493717940,3.625,0,431a8542-c468-3988-a508-3afd06a218da
1493718000,3.75,0,431a8542-c468-3988-a508-3afd06a218da
1493718060,3.6875,0,431a8542-c468-3988-a508-3afd06a218da
1493718120,3.6875,0,431a8542-c468-3988-a508-3afd06a218da
1493718180,3.875,0,431a8542-c468-3988-a508-3afd06a218da
1493718240,3.6875,0,431a8542-c468-3988-a508-3afd06a218da
1493718300,3.625,0,431a8542-c468-3988-a508-3afd06a218da
1493718360,3.75,0,431a8542-c468-3988-a508-3afd06a218da
1493718420,3.75,0,431a8542-c468-3988-a508-3afd06a218da
1493718480,3.9375,0,431a8542-c468-3988-a508-3afd06a218da
1493718540,3.8125,0,431a8542-c468-3988-a508-3afd06a218da
1493718600,3.6875,0,431a8542-c468-3988-a508-3afd06a218da
1493718660,3.8125,0,431a8542-c468-3988-a508-3afd06a218da
1493718720,3.75,0,431a8542-c468-3988-a508-3afd06a218da
1493718780,3.6875,0,431a8542-c468-3988-a508-3afd06a218da
1493718840,3.75,0,431a8542-c468-3988-a508-3afd06a218da
1493718900,3.6875,0,431a8542-c468-3988-a508-3afd06a218da
1493718960,3.6875,0,431a8542-c468-3988-a508-3afd06a218da
1493719020,3.8125,0,431a8542-c468-3988-a508-3afd06a218da
1493719080,3.75,0,431a8542-c468-3988-a508-3afd06a218da
1493719140,3.625,0,431a8542-c468-3988-a508-3afd06a218da
1493719200,3.875,0,431a8542-c468-3988-a508-3afd06a218da
1493719260,4.0625,0,431a8542-c468-3988-a508-3afd06a218da
1493719320,3.8125,0,431a8542-c468-3988-a508-3afd06a218da
1493719380,3.8125,0,431a8542-c468-3988-a508-3afd06a218da
1493719440,3.875,0,431a8542-c468-3988-a508-3afd06a218da
1493719500,3.875,0,431a8542-c468-3988-a508-3afd06a218da
1493719560,3.8125,0,431a8542-c468-3988-a508-3afd06a218da
1493719620,3.8125,0,431a8542-c468-3988-a508-3afd06a218da
1493719680,3.9375,0,431a8542-c468-3988-a508-3afd06a218da
1493719740,3.875,0,431a8542-c468-3988-a508-3afd06a218da
1493719800,3.6875,0,431a8542-c468-3988-a508-3afd06a218da
1493719860,3.75,0,431a8542-c468-3988-a508-3afd06a218da
1493719920,3.5,0,431a8542-c468-3988-a508-3afd06a218da
1493719980,3.733333349230002,0,431a8542-c468-3988-a508-3afd06a218da
1493720040,3.75,0,431a8542-c468-3988-a508-3afd06a218da
1493720100,3.6875,0,431a8542-c468-3988-a508-3afd06a218da
1493720160,3.9375,0,431a8542-c468-3988-a508-3afd06a218da
1493720220,3.8125,0,431a8542-c468-3988-a508-3afd06a218da
1493720280,3.8125,0,431a8542-c468-3988-a508-3afd06a218da
1493720340,3.625,0,431a8542-c468-3988-a508-3afd06a218da
1493720400,3.875,0,431a8542-c468-3988-a508-3afd06a218da
1493720460,4.0,0,431a8542-c468-3988-a508-3afd06a218da
1493720520,3.9375,0,431a8542-c468-3988-a508-3afd06a218da
1493720580,3.8125,0,431a8542-c468-3988-a508-3afd06a218da
1493720640,3.75,0,431a8542-c468-3988-a508-3afd06a218da
1493720700,3.875,0,431a8542-c468-3988-a508-3afd06a218da
1493720760,3.6875,0,431a8542-c468-3988-a508-3afd06a218da
1493720820,3.75,0,431a8542-c468-3988-a508-3afd06a218da
1493720880,3.9375,0,431a8542-c468-3988-a508-3afd06a218da
1493720940,3.625,0,431a8542-c468-3988-a508-3afd06a218da
1493721000,4.0,0,431a8542-c468-3988-a508-3afd06a218da
1493721060,3.8125,0,431a8542-c468-3988-a508-3afd06a218da
1493721120,3.75,0,431a8542-c468-3988-a508-3afd06a218da
1493721180,3.875,0,431a8542-c468-3988-a508-3afd06a218da
1493721240,3.875,0,431a8542-c468-3988-a508-3afd06a218da
1493721300,3.8125,0,431a8542-c468-3988-a508-3afd06a218da
1493721360,3.875,0,431a8542-c468-3988-a508-3afd06a218da
1493721420,3.8125,0,431a8542-c468-3988-a508-3afd06a218da
1493721480,3.625,0,431a8542-c468-3988-a508-3afd06a218da
1493721540,3.8125,0,431a8542-c468-3988-a508-3afd06a218da
1493721600,3.75,0,431a8542-c468-3988-a508-3afd06a218da
1493721660,3.875,0,431a8542-c468-3988-a508-3afd06a218da
1493721720,3.8125,0,431a8542-c468-3988-a508-3afd06a218da
1493721780,3.8125,0,431a8542-c468-3988-a508-3afd06a218da
1493721840,3.875,0,431a8542-c468-3988-a508-3afd06a218da
1493721900,4.0,0,431a8542-c468-3988-a508-3afd06a218da
1493721960,3.9375,0,431a8542-c468-3988-a508-3afd06a218da
1493722020,3.875,0,431a8542-c468-3988-a508-3afd06a218da
1493722080,3.9375,0,431a8542-c468-3988-a508-3afd06a218da
1493722140,3.6875,0,431a8542-c468-3988-a508-3afd06a218da
1493722200,3.9375,0,431a8542-c468-3988-a508-3afd06a218da
1493722260,3.75,0,431a8542-c468-3988-a508-3afd06a218da
1493722320,3.8125,0,431a8542-c468-3988-a508-3afd06a218da
1493722380,3.75,0,431a8542-c468-3988-a508-3afd06a218da
1493722440,3.6875,0,431a8542-c468-3988-a508-3afd06a218da
1493722500,3.9375,0,431a8542-c468-3988-a508-3afd06a218da
1493722560,3.875,0,431a8542-c468-3988-a508-3afd06a218da
1493722620,3.6875,0,431a8542-c468-3988-a508-3afd06a218da
1493722680,3.6875,0,431a8542-c468-3988-a508-3afd06a218da
1493722740,3.6875,0,431a8542-c468-3988-a508-3afd06a218da
1493722800,3.875,0,431a8542-c468-3988-a508-3afd06a218da
1493722860,3.9375,0,431a8542-c468-3988-a508-3afd06a218da
1493722920,3.9375,0,431a8542-c468-3988-a508-3afd06a218da
1493722980,3.875,0,431a8542-c468-3988-a508-3afd06a218da
1493723040,3.9375,0,431a8542-c468-3988-a508-3afd06a218da
1493723100,3.9375,0,431a8542-c468-3988-a508-3afd06a218da
1493723160,3.75,0,431a8542-c468-3988-a508-3afd06a218da
1493723220,3.5625,0,431a8542-c468-3988-a508-3afd06a218da
1493723280,3.75,0,431a8542-c468-3988-a508-3afd06a218da
1493723340,3.8125,0,431a8542-c468-3988-a508-3afd06a218da
1493723400,3.75,0,431a8542-c468-3988-a508-3afd06a218da
1493723460,3.625,0,431a8542-c468-3988-a508-3afd06a218da
1493723520,3.625,0,431a8542-c468-3988-a508-3afd06a218da
1493723580,3.8125,0,431a8542-c468-3988-a508-3afd06a218da
1493723640,3.8125,0,431a8542-c468-3988-a508-3afd06a218da
1493723700,3.6875,0,431a8542-c468-3988-a508-3afd06a218da
1493723760,3.625,0,431a8542-c468-3988-a508-3afd06a218da
1493723820,3.75,0,431a8542-c468-3988-a508-3afd06a218da
1493723880,3.5,0,431a8542-c468-3988-a508-3afd06a218da
1493723940,3.5625,0,431a8542-c468-3988-a508-3afd06a218da
1493724000,3.5625,0,431a8542-c468-3988-a508-3afd06a218da
1493724060,3.8125,0,431a8542-c468-3988-a508-3afd06a218da
1493724120,3.5,0,431a8542-c468-3988-a508-3afd06a218da
1493724180,3.625,0,431a8542-c468-3988-a508-3afd06a218da
1493724240,3.625,0,431a8542-c468-3988-a508-3afd06a218da
1493724300,3.8125,0,431a8542-c468-3988-a508-3afd06a218da
1493724360,3.625,0,431a8542-c468-3988-a508-3afd06a218da
1493724420,3.8125,0,431a8542-c468-3988-a508-3afd06a218da
1493724480,3.75,0,431a8542-c468-3988-a508-3afd06a218da
1493724540,3.8125,0,431a8542-c468-3988-a508-3afd06a218da
1493724600,3.5625,0,431a8542-c468-3988-a508-3afd06a218da
1493724660,3.625,0,431a8542-c468-3988-a508-3afd06a218da
1493724720,3.625,0,431a8542-c468-3988-a508-3afd06a218da
1493724780,3.5,0,431a8542-c468-3988-a508-3afd06a218da
1493724840,3.5,0,431a8542-c468-3988-a508-3afd06a218da
1493724900,3.5625,0,431a8542-c468-3988-a508-3afd06a218da
1493724960,3.3125,0,431a8542-c468-3988-a508-3afd06a218da
1493725020,3.5625,0,431a8542-c468-3988-a508-3afd06a218da
1493725080,3.5,0,431a8542-c468-3988-a508-3afd06a218da
1493725140,3.75,0,431a8542-c468-3988-a508-3afd06a218da
1493725200,3.625,0,431a8542-c468-3988-a508-3afd06a218da
1493725260,3.5625,0,431a8542-c468-3988-a508-3afd06a218da
1493725320,3.625,0,431a8542-c468-3988-a508-3afd06a218da
1493725380,3.3125,0,431a8542-c468-3988-a508-3afd06a218da
1493725440,3.5625,0,431a8542-c468-3988-a508-3afd06a218da
1493725500,3.5,0,431a8542-c468-3988-a508-3afd06a218da
1493725560,3.4375,0,431a8542-c468-3988-a508-3afd06a218da
1493725620,3.3125,0,431a8542-c468-3988-a508-3afd06a218da
1493725680,3.1875,0,431a8542-c468-3988-a508-3afd06a218da
1493725740,3.5,0,431a8542-c468-3988-a508-3afd06a218da
1493725800,3.4375,0,431a8542-c468-3988-a508-3afd06a218da
1493725860,3.375,0,431a8542-c468-3988-a508-3afd06a218da
1493725920,3.375,0,431a8542-c468-3988-a508-3afd06a218da
1493725980,3.25,0,431a8542-c468-3988-a508-3afd06a218da
1493726040,3.375,0,431a8542-c468-3988-a508-3afd06a218da
1493726100,3.375,0,431a8542-c468-3988-a508-3afd06a218da
1493726160,3.25,0,431a8542-c468-3988-a508-3afd06a218da
1493726220,3.1875,0,431a8542-c468-3988-a508-3afd06a218da
1493726280,3.1875,0,431a8542-c468-3988-a508-3afd06a218da
1493726340,3.1875,0,431a8542-c468-3988-a508-3afd06a218da
1493726400,3.25,0,431a8542-c468-3988-a508-3afd06a218da
1493726460,3.0,0,431a8542-c468-3988-a508-3afd06a218da
1493726520,3.1875,0,431a8542-c468-3988-a508-3afd06a218da
1493726580,3.25,0,431a8542-c468-3988-a508-3afd06a218da
1493726640,3.3125,0,431a8542-c468-3988-a508-3afd06a218da
1493726700,3.25,0,431a8542-c468-3988-a508-3afd06a218da
1493726760,3.1875,0,431a8542-c468-3988-a508-3afd06a218da
1493726820,3.0,0,431a8542-c468-3988-a508-3afd06a218da
1493726880,3.125,0,431a8542-c468-3988-a508-3afd06a218da
1493726940,3.125,0,431a8542-c468-3988-a508-3afd06a218da
1493727000,3.0625,0,431a8542-c468-3988-a508-3afd06a218da
1493727060,3.0,0,431a8542-c468-3988-a508-3afd06a218da
1493727120,3.0625,0,431a8542-c468-3988-a508-3afd06a218da
1493727180,3.1875,0,431a8542-c468-3988-a508-3afd06a218da
1493727240,3.3125,0,431a8542-c468-3988-a508-3afd06a218da
1493727300,3.0625,0,431a8542-c468-3988-a508-3afd06a218da
1493727360,3.0625,0,431a8542-c468-3988-a508-3afd06a218da
1493727420,3.0,0,431a8542-c468-3988-a508-3afd06a218da
1493727480,3.125,0,431a8542-c468-3988-a508-3afd06a218da
1493727540,3.0625,0,431a8542-c468-3988-a508-3afd06a218da
1493727600,3.125,0,431a8542-c468-3988-a508-3afd06a218da
1493727660,3.0,0,431a8542-c468-3988-a508-3afd06a218da
1493727720,3.0625,0,431a8542-c468-3988-a508-3afd06a218da
1493727780,3.0625,0,431a8542-c468-3988-a508-3afd06a218da
1493727840,3.0625,0,431a8542-c468-3988-a508-3afd06a218da
1493727900,3.0,0,431a8542-c468-3988-a508-3afd06a218da
1493727960,3.125,0,431a8542-c468-3988-a508-3afd06a218da
1493728020,3.0,0,431a8542-c468-3988-a508-3afd06a218da
1493728080,3.0,0,431a8542-c468-3988-a508-3afd06a218da
1493728140,3.0,0,431a8542-c468-3988-a508-3afd06a218da
1493728200,3.0625,0,431a8542-c468-3988-a508-3afd06a218da
1493728260,3.1875,0,431a8542-c468-3988-a508-3afd06a218da
1493728320,3.0,0,431a8542-c468-3988-a508-3afd06a218da
1493728380,3.0,0,431a8542-c468-3988-a508-3afd06a218da
1493728440,2.9375,0,431a8542-c468-3988-a508-3afd06a218da
1493728500,3.0,0,431a8542-c468-3988-a508-3afd06a218da
1493728560,3.0,0,431a8542-c468-3988-a508-3afd06a218da
1493728620,3.0625,0,431a8542-c468-3988-a508-3afd06a218da
1493728680,3.0,0,431a8542-c468-3988-a508-3afd06a218da
1493728740,2.9375,0,431a8542-c468-3988-a508-3afd06a218da
1493728800,3.0,0,431a8542-c468-3988-a508-3afd06a218da
1493728860,3.0,0,431a8542-c468-3988-a508-3afd06a218da
1493728920,3.0,0,431a8542-c468-3988-a508-3afd06a218da
1493728980,3.0,0,431a8542-c468-3988-a508-3afd06a218da
1493729040,2.9375,0,431a8542-c468-3988-a508-3afd06a218da
1493729100,3.0,0,431a8542-c468-3988-a508-3afd06a218da
1493729160,2.9375,0,431a8542-c468-3988-a508-3afd06a218da
1493729220,3.0,0,431a8542-c468-3988-a508-3afd06a218da
1493729280,2.9375,0,431a8542-c468-3988-a508-3afd06a218da
1493729340,3.0,0,431a8542-c468-3988-a508-3afd06a218da
1493729400,2.9375,0,431a8542-c468-3988-a508-3afd06a218da
1493729460,3.0,0,431a8542-c468-3988-a508-3afd06a218da
1493729520,2.8125,0,431a8542-c468-3988-a508-3afd06a218da
1493729580,2.875,0,431a8542-c468-3988-a508-3afd06a218da
1493729640,2.875,0,431a8542-c468-3988-a508-3afd06a218da
1493729700,2.875,0,431a8542-c468-3988-a508-3afd06a218da
1493729760,2.8125,0,431a8542-c468-3988-a508-3afd06a218da
1493729820,3.0,0,431a8542-c468-3988-a508-3afd06a218da
1493729880,3.0,0,431a8542-c468-3988-a508-3afd06a218da
1493729940,2.9375,0,431a8542-c468-3988-a508-3afd06a218da
1493730000,3.0,0,431a8542-c468-3988-a508-3afd06a218da
1493730060,2.9375,0,431a8542-c468-3988-a508-3afd06a218da
1493730120,2.8125,0,431a8542-c468-3988-a508-3afd06a218da
1493730180,2.875,0,431a8542-c468-3988-a508-3afd06a218da
1493730240,2.75,0,431a8542-c468-3988-a508-3afd06a218da
1493730300,2.8125,0,431a8542-c468-3988-a508-3afd06a218da
1493730360,2.6875,0,431a8542-c468-3988-a508-3afd06a218da
1493730420,2.75,0,431a8542-c468-3988-a508-3afd06a218da
1493730480,2.875,0,431a8542-c468-3988-a508-3afd06a218da
1493730540,2.6875,0,431a8542-c468-3988-a508-3afd06a218da
1493730600,2.75,0,431a8542-c468-3988-a508-3afd06a218da
1493730660,2.875,0,431a8542-c468-3988-a508-3afd06a218da
1493730720,2.75,0,431a8542-c468-3988-a508-3afd06a218da
1493730780,2.625,0,431a8542-c468-3988-a508-3afd06a218da
1493730840,2.625,0,431a8542-c468-3988-a508-3afd06a218da
1493730900,2.6875,0,431a8542-c468-3988-a508-3afd06a218da
1493730960,2.8125,0,431a8542-c468-3988-a508-3afd06a218da
1493731020,2.75,0,431a8542-c468-3988-a508-3afd06a218da
1493731080,2.6875,0,431a8542-c468-3988-a508-3afd06a218da
1493731140,2.875,0,431a8542-c468-3988-a508-3afd06a218da
1493731200,2.75,0,431a8542-c468-3988-a508-3afd06a218da
1493731260,2.5625,0,431a8542-c468-3988-a508-3afd06a218da
1493731320,2.625,0,431a8542-c468-3988-a508-3afd06a218da
1493731380,2.5625,0,431a8542-c468-3988-a508-3afd06a218da
1493731440,2.5625,0,431a8542-c468-3988-a508-3afd06a218da
1493731500,2.75,0,431a8542-c468-3988-a508-3afd06a218da
1493731560,2.375,0,431a8542-c468-3988-a508-3afd06a218da
1493731620,2.3125,0,431a8542-c468-3988-a508-3afd06a218da
1493731680,2.6875,0,431a8542-c468-3988-a508-3afd06a218da
1493731740,2.5625,0,431a8542-c468-3988-a508-3afd06a218da
1493731800,2.4375,0,431a8542-c468-3988-a508-3afd06a218da
1493731860,2.75,0,431a8542-c468-3988-a508-3afd06a218da
1493731920,2.6875,0,431a8542-c468-3988-a508-3afd06a218da
1493731980,2.75,0,431a8542-c468-3988-a508-3afd06a218da
1493732040,2.5625,0,431a8542-c468-3988-a508-3afd06a218da
1493732100,2.4375,0,431a8542-c468-3988-a508-3afd06a218da
1493732160,2.75,0,431a8542-c468-3988-a508-3afd06a218da
1493732220,3.0,0,431a8542-c468-3988-a508-3afd06a218da
1493732280,2.625,0,431a8542-c468-3988-a508-3afd06a218da
1493732340,2.625,0,431a8542-c468-3988-a508-3afd06a218da
1493732400,2.75,0,431a8542-c468-3988-a508-3afd06a218da
1493732460,2.75,0,431a8542-c468-3988-a508-3afd06a218da
1493732520,2.5625,0,431a8542-c468-3988-a508-3afd06a218da
1493732580,2.625,0,431a8542-c468-3988-a508-3afd06a218da
1493732640,2.5625,0,431a8542-c468-3988-a508-3afd06a218da
1493732700,2.6875,0,431a8542-c468-3988-a508-3afd06a218da
1493732760,2.4375,0,431a8542-c468-3988-a508-3afd06a218da
1493732820,2.4375,0,431a8542-c468-3988-a508-3afd06a218da
1493732880,2.125,0,431a8542-c468-3988-a508-3afd06a218da
1493732940,2.375,0,431a8542-c468-3988-a508-3afd06a218da
1493733000,2.625,0,431a8542-c468-3988-a508-3afd06a218da
1493733060,2.375,0,431a8542-c468-3988-a508-3afd06a218da
1493733120,2.625,0,431a8542-c468-3988-a508-3afd06a218da
1493733180,2.75,0,431a8542-c468-3988-a508-3afd06a218da
1493733240,2.625,0,431a8542-c468-3988-a508-3afd06a218da
1493733300,2.5625,0,431a8542-c468-3988-a508-3afd06a218da
1493733360,2.5625,0,431a8542-c468-3988-a508-3afd06a218da
1493733420,2.625,0,431a8542-c468-3988-a508-3afd06a218da
1493733480,2.5625,0,431a8542-c468-3988-a508-3afd06a218da
1493733540,2.625,0,431a8542-c468-3988-a508-3afd06a218da
1493733600,2.5625,0,431a8542-c468-3988-a508-3afd06a218da
1493733660,2.875,0,431a8542-c468-3988-a508-3afd06a218da
1493733720,2.8125,0,431a8542-c468-3988-a508-3afd06a218da
1493733780,2.5,0,431a8542-c468-3988-a508-3afd06a218da
1493733840,2.4375,0,431a8542-c468-3988-a508-3afd06a218da
1493733900,2.875,0,431a8542-c468-3988-a508-3afd06a218da
1493733960,2.625,0,431a8542-c468-3988-a508-3afd06a218da
1493734020,2.625,0,431a8542-c468-3988-a508-3afd06a218da
1493734080,2.5625,0,431a8542-c468-3988-a508-3afd06a218da
1493734140,2.75,0,431a8542-c468-3988-a508-3afd06a218da
1493734200,2.75,0,431a8542-c468-3988-a508-3afd06a218da
1493734260,2.75,0,431a8542-c468-3988-a508-3afd06a218da
1493734320,2.75,0,431a8542-c468-3988-a508-3afd06a218da
1493734380,2.625,0,431a8542-c468-3988-a508-3afd06a218da
1493734440,2.625,0,431a8542-c468-3988-a508-3afd06a218da
1493734500,2.6875,0,431a8542-c468-3988-a508-3afd06a218da
1493734560,2.5625,0,431a8542-c468-3988-a508-3afd06a218da
1493734620,2.625,0,431a8542-c468-3988-a508-3afd06a218da
1493734680,2.8125,0,431a8542-c468-3988-a508-3afd06a218da
1493734740,2.625,0,431a8542-c468-3988-a508-3afd06a218da
1493734800,2.5,0,431a8542-c468-3988-a508-3afd06a218da
1493734860,2.75,0,431a8542-c468-3988-a508-3afd06a218da
1493734920,2.8125,0,431a8542-c468-3988-a508-3afd06a218da
1493734980,2.625,0,431a8542-c468-3988-a508-3afd06a218da
1493735040,2.9375,0,431a8542-c468-3988-a508-3afd06a218da
1493735100,2.75,0,431a8542-c468-3988-a508-3afd06a218da
1493735160,2.6875,0,431a8542-c468-3988-a508-3afd06a218da
1493735220,2.75,0,431a8542-c468-3988-a508-3afd06a218da
1493735280,2.5,0,431a8542-c468-3988-a508-3afd06a218da
1493735340,2.75,0,431a8542-c468-3988-a508-3afd06a218da
1493735400,2.625,0,431a8542-c468-3988-a508-3afd06a218da
1493735460,2.6875,0,431a8542-c468-3988-a508-3afd06a218da
1493735520,2.6875,0,431a8542-c468-3988-a508-3afd06a218da
1493735580,2.875,0,431a8542-c468-3988-a508-3afd06a218da
1493735640,2.6875,0,431a8542-c468-3988-a508-3afd06a218da
1493735700,2.875,0,431a8542-c468-3988-a508-3afd06a218da
1493735760,2.8125,0,431a8542-c468-3988-a508-3afd06a218da
1493735820,2.75,0,431a8542-c468-3988-a508-3afd06a218da
1493735880,2.8125,0,431a8542-c468-3988-a508-3afd06a218da
1493735940,2.8125,0,431a8542-c468-3988-a508-3afd06a218da
1493736000,2.875,0,431a8542-c468-3988-a508-3afd06a218da
1493736060,2.875,0,431a8542-c468-3988-a508-3afd06a218da
1493736120,2.5625,0,431a8542-c468-3988-a508-3afd06a218da
1493736180,2.9375,0,431a8542-c468-3988-a508-3afd06a218da
1493736240,2.9375,0,431a8542-c468-3988-a508-3afd06a218da
1493736300,2.875,0,431a8542-c468-3988-a508-3afd06a218da
1493736360,2.75,0,431a8542-c468-3988-a508-3afd06a218da
1493736420,2.875,0,431a8542-c468-3988-a508-3afd06a218da
1493736480,2.75,0,431a8542-c468-3988-a508-3afd06a218da
1493736540,2.8125,0,431a8542-c468-3988-a508-3afd06a218da
1493736600,2.875,0,431a8542-c468-3988-a508-3afd06a218da
1493736660,2.6875,0,431a8542-c468-3988-a508-3afd06a218da
1493736720,2.8125,0,431a8542-c468-3988-a508-3afd06a218da
1493736780,2.9375,0,431a8542-c468-3988-a508-3afd06a218da
1493736840,2.9375,0,431a8542-c468-3988-a508-3afd06a218da
1493736900,2.9375,0,431a8542-c468-3988-a508-3afd06a218da
1493736960,2.6875,0,431a8542-c468-3988-a508-3afd06a218da
1493737020,2.9375,0,431a8542-c468-3988-a508-3afd06a218da
1493737080,2.875,0,431a8542-c468-3988-a508-3afd06a218da
1493737140,2.875,0,431a8542-c468-3988-a508-3afd06a218da
1493737200,2.875,0,431a8542-c468-3988-a508-3afd06a218da
1493737260,2.875,0,431a8542-c468-3988-a508-3afd06a218da
1493737320,2.9375,0,431a8542-c468-3988-a508-3afd06a218da
1493737380,3.0,0,431a8542-c468-3988-a508-3afd06a218da
1493737440,3.0,0,431a8542-c468-3988-a508-3afd06a218da
1493737500,2.9375,0,431a8542-c468-3988-a508-3afd06a218da
1493737560,2.9375,0,431a8542-c468-3988-a508-3afd06a218da
1493737620,2.9375,0,431a8542-c468-3988-a508-3afd06a218da
1493737680,2.9375,0,431a8542-c468-3988-a508-3afd06a218da
1493737740,2.93333339691,0,431a8542-c468-3988-a508-3afd06a218da
1493737800,2.93333339691,0,431a8542-c468-3988-a508-3afd06a218da
1493737860,3.0,0,431a8542-c468-3988-a508-3afd06a218da
1493737920,3.0,0,431a8542-c468-3988-a508-3afd06a218da
1493737980,3.0,0,431a8542-c468-3988-a508-3afd06a218da
1493738040,3.0,0,431a8542-c468-3988-a508-3afd06a218da
1493738100,2.9375,0,431a8542-c468-3988-a508-3afd06a218da
1493738160,2.9375,0,431a8542-c468-3988-a508-3afd06a218da
1493738220,2.9375,0,431a8542-c468-3988-a508-3afd06a218da
1493738280,3.0,0,431a8542-c468-3988-a508-3afd06a218da
1493738340,3.0,0,431a8542-c468-3988-a508-3afd06a218da
1493738400,3.0,0,431a8542-c468-3988-a508-3afd06a218da
1493738460,3.0625,0,431a8542-c468-3988-a508-3afd06a218da
1493738520,3.0,0,431a8542-c468-3988-a508-3afd06a218da
1493738580,3.0,0,431a8542-c468-3988-a508-3afd06a218da
1493738640,2.9375,0,431a8542-c468-3988-a508-3afd06a218da
1493738700,2.9375,0,431a8542-c468-3988-a508-3afd06a218da
1493738760,3.0,0,431a8542-c468-3988-a508-3afd06a218da
1493738820,3.0625,0,431a8542-c468-3988-a508-3afd06a218da
1493738880,3.0,0,431a8542-c468-3988-a508-3afd06a218da
1493738940,3.0,0,431a8542-c468-3988-a508-3afd06a218da
1493739000,3.0,0,431a8542-c468-3988-a508-3afd06a218da
1493739060,3.0,0,431a8542-c468-3988-a508-3afd06a218da
1493739120,3.0,0,431a8542-c468-3988-a508-3afd06a218da
1493739180,3.0,0,431a8542-c468-3988-a508-3afd06a218da
1493739240,3.0,0,431a8542-c468-3988-a508-3afd06a218da
1493739300,3.0625,0,431a8542-c468-3988-a508-3afd06a218da
1493739360,3.0625,0,431a8542-c468-3988-a508-3afd06a218da
1493739420,3.0,0,431a8542-c468-3988-a508-3afd06a218da
1493739480,3.1875,0,431a8542-c468-3988-a508-3afd06a218da
1493739540,3.0625,0,431a8542-c468-3988-a508-3afd06a218da
1493739600,3.0,0,431a8542-c468-3988-a508-3afd06a218da
1493739660,3.0625,0,431a8542-c468-3988-a508-3afd06a218da
1493739720,3.125,0,431a8542-c468-3988-a508-3afd06a218da
1493739780,3.0625,0,431a8542-c468-3988-a508-3afd06a218da
1493739840,3.0,0,431a8542-c468-3988-a508-3afd06a218da
1493739900,3.0,0,431a8542-c468-3988-a508-3afd06a218da
1493739960,3.125,0,431a8542-c468-3988-a508-3afd06a218da
1493740020,3.125,0,431a8542-c468-3988-a508-3afd06a218da
1493740080,3.0,0,431a8542-c468-3988-a508-3afd06a218da
1493740140,3.125,0,431a8542-c468-3988-a508-3afd06a218da
1493740200,3.0,0,431a8542-c468-3988-a508-3afd06a218da
1493740260,3.25,0,431a8542-c468-3988-a508-3afd06a218da
1493740320,3.0,0,431a8542-c468-3988-a508-3afd06a218da
1493740380,3.0,0,431a8542-c468-3988-a508-3afd06a218da
1493740440,3.1875,0,431a8542-c468-3988-a508-3afd06a218da
1493740500,3.0625,0,431a8542-c468-3988-a508-3afd06a218da
1493740560,3.1875,0,431a8542-c468-3988-a508-3afd06a218da
1493740620,3.1875,0,431a8542-c468-3988-a508-3afd06a218da
1493740680,3.0625,0,431a8542-c468-3988-a508-3afd06a218da
1493740740,3.125,0,431a8542-c468-3988-a508-3afd06a218da
1493740800,3.125,0,431a8542-c468-3988-a508-3afd06a218da
1493740860,3.0,0,431a8542-c468-3988-a508-3afd06a218da
1493740920,3.0,0,431a8542-c468-3988-a508-3afd06a218da
1493740980,3.0,0,431a8542-c468-3988-a508-3afd06a218da
1493741040,3.0625,0,431a8542-c468-3988-a508-3afd06a218da
1493741100,3.0,0,431a8542-c468-3988-a508-3afd06a218da
1493741160,3.0625,0,431a8542-c468-3988-a508-3afd06a218da
1493741220,3.0625,0,431a8542-c468-3988-a508-3afd06a218da
1493741280,3.0,0,431a8542-c468-3988-a508-3afd06a218da
1493741340,3.0625,0,431a8542-c468-3988-a508-3afd06a218da
1493741400,3.125,0,431a8542-c468-3988-a508-3afd06a218da
1493741460,3.1875,0,431a8542-c468-3988-a508-3afd06a218da
1493741520,3.25,0,431a8542-c468-3988-a508-3afd06a218da
1493741580,3.1875,0,431a8542-c468-3988-a508-3afd06a218da
1493741640,3.1875,0,431a8542-c468-3988-a508-3afd06a218da
1493741700,3.25,0,431a8542-c468-3988-a508-3afd06a218da
1493741760,3.1875,0,431a8542-c468-3988-a508-3afd06a218da
1493741820,3.375,0,431a8542-c468-3988-a508-3afd06a218da
1493741880,3.25,0,431a8542-c468-3988-a508-3afd06a218da
1493741940,3.3125,0,431a8542-c468-3988-a508-3afd06a218da
1493742000,3.3125,0,431a8542-c468-3988-a508-3afd06a218da
1493742060,3.0625,0,431a8542-c468-3988-a508-3afd06a218da
1493742120,3.4375,0,431a8542-c468-3988-a508-3afd06a218da
1493742180,3.25,0,431a8542-c468-3988-a508-3afd06a218da
1493742240,3.4375,0,431a8542-c468-3988-a508-3afd06a218da
1493742300,4.125,1,431a8542-c468-3988-a508-3afd06a218da
1493742360,6.5,1,431a8542-c468-3988-a508-3afd06a218da
1493742420,6.5625,1,431a8542-c468-3988-a508-3afd06a218da
1493742480,7.5625,1,431a8542-c468-3988-a508-3afd06a218da
1493742540,7.125,1,431a8542-c468-3988-a508-3afd06a218da
1493742600,8.4375,1,431a8542-c468-3988-a508-3afd06a218da
1493742660,8.3125,1,431a8542-c468-3988-a508-3afd06a218da
1493742720,7.375,1,431a8542-c468-3988-a508-3afd06a218da
1493742780,7.5,1,431a8542-c468-3988-a508-3afd06a218da
1493742840,7.5,1,431a8542-c468-3988-a508-3afd06a218da
1493742900,6.375,1,431a8542-c468-3988-a508-3afd06a218da
1493742960,5.9375,1,431a8542-c468-3988-a508-3afd06a218da
1493743020,6.5,1,431a8542-c468-3988-a508-3afd06a218da
1493743080,7.4375,1,431a8542-c468-3988-a508-3afd06a218da
1493743140,7.5625,1,431a8542-c468-3988-a508-3afd06a218da
1493743200,6.125,1,431a8542-c468-3988-a508-3afd06a218da
1493743260,6.5,1,431a8542-c468-3988-a508-3afd06a218da
1493743320,4.8125,1,431a8542-c468-3988-a508-3afd06a218da
1493743380,3.125,0,431a8542-c468-3988-a508-3afd06a218da
1493743440,3.125,0,431a8542-c468-3988-a508-3afd06a218da
1493743500,3.0625,0,431a8542-c468-3988-a508-3afd06a218da
1493743560,3.1875,0,431a8542-c468-3988-a508-3afd06a218da
1493743620,3.1875,0,431a8542-c468-3988-a508-3afd06a218da
1493743680,3.1875,0,431a8542-c468-3988-a508-3afd06a218da
1493743740,3.375,0,431a8542-c468-3988-a508-3afd06a218da
1493743800,3.25,0,431a8542-c468-3988-a508-3afd06a218da
1493743860,3.0625,0,431a8542-c468-3988-a508-3afd06a218da
1493743920,3.0625,0,431a8542-c468-3988-a508-3afd06a218da
1493743980,3.3125,0,431a8542-c468-3988-a508-3afd06a218da
1493744040,3.3125,0,431a8542-c468-3988-a508-3afd06a218da
1493744100,3.375,0,431a8542-c468-3988-a508-3afd06a218da
1493744160,3.125,0,431a8542-c468-3988-a508-3afd06a218da
1493744220,3.3125,0,431a8542-c468-3988-a508-3afd06a218da
1493744280,3.0,0,431a8542-c468-3988-a508-3afd06a218da
1493744340,3.125,0,431a8542-c468-3988-a508-3afd06a218da
1493744400,3.5,1,431a8542-c468-3988-a508-3afd06a218da
1493744460,5.3125,1,431a8542-c468-3988-a508-3afd06a218da
1493744520,6.875,1,431a8542-c468-3988-a508-3afd06a218da
1493744580,7.4375,1,431a8542-c468-3988-a508-3afd06a218da
1493744640,6.75,1,431a8542-c468-3988-a508-3afd06a218da
1493744700,6.25,1,431a8542-c468-3988-a508-3afd06a218da
1493744760,5.75,1,431a8542-c468-3988-a508-3afd06a218da
1493744820,5.3125,1,431a8542-c468-3988-a508-3afd06a218da
1493744880,4.125,1,431a8542-c468-3988-a508-3afd06a218da
1493744940,3.25,0,431a8542-c468-3988-a508-3afd06a218da
1493745000,3.5,0,431a8542-c468-3988-a508-3afd06a218da
1493745060,3.375,0,431a8542-c468-3988-a508-3afd06a218da
1493745120,3.625,0,431a8542-c468-3988-a508-3afd06a218da
1493745180,3.625,0,431a8542-c468-3988-a508-3afd06a218da
1493745240,3.5625,0,431a8542-c468-3988-a508-3afd06a218da
1493745300,3.5,0,431a8542-c468-3988-a508-3afd06a218da
1493745360,3.6875,0,431a8542-c468-3988-a508-3afd06a218da
1493745420,3.625,0,431a8542-c468-3988-a508-3afd06a218da
1493745480,3.5625,0,431a8542-c468-3988-a508-3afd06a218da
1493745540,3.5625,0,431a8542-c468-3988-a508-3afd06a218da
1493745600,3.625,0,431a8542-c468-3988-a508-3afd06a218da
1493745660,3.6875,0,431a8542-c468-3988-a508-3afd06a218da
1493745720,3.4375,0,431a8542-c468-3988-a508-3afd06a218da
1493745780,3.75,0,431a8542-c468-3988-a508-3afd06a218da
1493745840,3.5,0,431a8542-c468-3988-a508-3afd06a218da
1493745900,3.3125,0,431a8542-c468-3988-a508-3afd06a218da
1493745960,3.4375,0,431a8542-c468-3988-a508-3afd06a218da
1493746020,3.5625,0,431a8542-c468-3988-a508-3afd06a218da
1493746080,3.25,0,431a8542-c468-3988-a508-3afd06a218da
1493746140,3.6875,0,431a8542-c468-3988-a508-3afd06a218da
1493746200,3.5625,0,431a8542-c468-3988-a508-3afd06a218da
1493746260,3.5,0,431a8542-c468-3988-a508-3afd06a218da
1493746320,3.6875,0,431a8542-c468-3988-a508-3afd06a218da
1493746380,3.6875,0,431a8542-c468-3988-a508-3afd06a218da
1493746440,3.5,0,431a8542-c468-3988-a508-3afd06a218da
1493746500,3.875,0,431a8542-c468-3988-a508-3afd06a218da
1493746560,3.6875,0,431a8542-c468-3988-a508-3afd06a218da
1493746620,3.75,0,431a8542-c468-3988-a508-3afd06a218da
1493746680,3.875,0,431a8542-c468-3988-a508-3afd06a218da
1493746740,3.6875,0,431a8542-c468-3988-a508-3afd06a218da
1493746800,3.6875,0,431a8542-c468-3988-a508-3afd06a218da
1493746860,3.8125,0,431a8542-c468-3988-a508-3afd06a218da
1493746920,3.5,0,431a8542-c468-3988-a508-3afd06a218da
1493746980,3.6875,0,431a8542-c468-3988-a508-3afd06a218da
1493747040,3.875,0,431a8542-c468-3988-a508-3afd06a218da
1493747100,3.5,0,431a8542-c468-3988-a508-3afd06a218da
1493747160,3.8125,0,431a8542-c468-3988-a508-3afd06a218da
1493747220,3.6875,0,431a8542-c468-3988-a508-3afd06a218da
1493747280,3.5625,0,431a8542-c468-3988-a508-3afd06a218da
1493747340,3.8125,0,431a8542-c468-3988-a508-3afd06a218da
1493747400,3.8125,0,431a8542-c468-3988-a508-3afd06a218da
1493747460,3.5333333015400004,0,431a8542-c468-3988-a508-3afd06a218da
1493747520,3.8666665554,0,431a8542-c468-3988-a508-3afd06a218da
1493747580,3.8125,0,431a8542-c468-3988-a508-3afd06a218da
1493747640,3.5625,0,431a8542-c468-3988-a508-3afd06a218da
1493747700,3.75,0,431a8542-c468-3988-a508-3afd06a218da
1493747760,3.9375,0,431a8542-c468-3988-a508-3afd06a218da
1493747820,3.6875,0,431a8542-c468-3988-a508-3afd06a218da
1493747880,3.8125,0,431a8542-c468-3988-a508-3afd06a218da
1493747940,3.8125,0,431a8542-c468-3988-a508-3afd06a218da
1493748000,3.75,0,431a8542-c468-3988-a508-3afd06a218da
1493748060,3.625,0,431a8542-c468-3988-a508-3afd06a218da
1493748120,3.75,0,431a8542-c468-3988-a508-3afd06a218da
1493748180,3.6875,0,431a8542-c468-3988-a508-3afd06a218da
1493748240,3.8125,0,431a8542-c468-3988-a508-3afd06a218da
1493748300,3.75,0,431a8542-c468-3988-a508-3afd06a218da
1493748360,3.8125,0,431a8542-c468-3988-a508-3afd06a218da
1493748420,3.875,0,431a8542-c468-3988-a508-3afd06a218da
1493748480,3.9375,0,431a8542-c468-3988-a508-3afd06a218da
1493748540,3.9375,0,431a8542-c468-3988-a508-3afd06a218da
1493748600,3.75,0,431a8542-c468-3988-a508-3afd06a218da
1493748660,3.875,0,431a8542-c468-3988-a508-3afd06a218da
1493748720,3.875,0,431a8542-c468-3988-a508-3afd06a218da
1493748780,3.8125,0,431a8542-c468-3988-a508-3afd06a218da
1493748840,3.9375,0,431a8542-c468-3988-a508-3afd06a218da
1493748900,3.875,0,431a8542-c468-3988-a508-3afd06a218da
1493748960,3.875,0,431a8542-c468-3988-a508-3afd06a218da
1493749020,3.9375,0,431a8542-c468-3988-a508-3afd06a218da
1493749080,4.0,0,431a8542-c468-3988-a508-3afd06a218da
1493749140,3.75,0,431a8542-c468-3988-a508-3afd06a218da
1493749200,3.8125,0,431a8542-c468-3988-a508-3afd06a218da
1493749260,3.875,0,431a8542-c468-3988-a508-3afd06a218da
1493749320,3.875,0,431a8542-c468-3988-a508-3afd06a218da
1493749380,4.0,0,431a8542-c468-3988-a508-3afd06a218da
1493749440,3.875,0,431a8542-c468-3988-a508-3afd06a218da
1493749500,3.8125,0,431a8542-c468-3988-a508-3afd06a218da
1493749560,4.1875,1,431a8542-c468-3988-a508-3afd06a218da
1493749620,5.625,1,431a8542-c468-3988-a508-3afd06a218da
1493749680,6.3125,1,431a8542-c468-3988-a508-3afd06a218da
1493749740,6.875,1,431a8542-c468-3988-a508-3afd06a218da
1493749800,7.0625,1,431a8542-c468-3988-a508-3afd06a218da
1493749860,7.3125,1,431a8542-c468-3988-a508-3afd06a218da
1493749920,6.625,1,431a8542-c468-3988-a508-3afd06a218da
1493749980,6.625,1,431a8542-c468-3988-a508-3afd06a218da
1493750040,5.375,1,431a8542-c468-3988-a508-3afd06a218da
1493750100,4.1875,1,431a8542-c468-3988-a508-3afd06a218da
1493750160,4.0,0,431a8542-c468-3988-a508-3afd06a218da
1493750220,3.9375,0,431a8542-c468-3988-a508-3afd06a218da
1493750280,3.75,0,431a8542-c468-3988-a508-3afd06a218da
1493750340,3.9375,0,431a8542-c468-3988-a508-3afd06a218da
1493750400,3.8125,0,431a8542-c468-3988-a508-3afd06a218da
1493750460,3.9375,0,431a8542-c468-3988-a508-3afd06a218da
1493750520,3.875,0,431a8542-c468-3988-a508-3afd06a218da
1493750580,4.0,0,431a8542-c468-3988-a508-3afd06a218da
1493750640,3.8125,0,431a8542-c468-3988-a508-3afd06a218da
1493750700,3.875,0,431a8542-c468-3988-a508-3afd06a218da
1493750760,3.9375,0,431a8542-c468-3988-a508-3afd06a218da
1493750820,3.875,0,431a8542-c468-3988-a508-3afd06a218da
1493750880,4.0,0,431a8542-c468-3988-a508-3afd06a218da
1493750940,4.0,0,431a8542-c468-3988-a508-3afd06a218da
1493751000,3.9375,0,431a8542-c468-3988-a508-3afd06a218da
1493751060,3.9375,0,431a8542-c468-3988-a508-3afd06a218da
1493751120,3.9375,0,431a8542-c468-3988-a508-3afd06a218da
1493751180,3.9375,0,431a8542-c468-3988-a508-3afd06a218da
1493751240,3.9375,0,431a8542-c468-3988-a508-3afd06a218da
1493751300,3.9375,0,431a8542-c468-3988-a508-3afd06a218da
1493751360,4.0625,0,431a8542-c468-3988-a508-3afd06a218da
1493751420,4.0625,0,431a8542-c468-3988-a508-3afd06a218da
1493751480,3.6875,0,431a8542-c468-3988-a508-3afd06a218da
1493751540,4.0,0,431a8542-c468-3988-a508-3afd06a218da
1493751600,4.0625,0,431a8542-c468-3988-a508-3afd06a218da
1493751660,3.9375,0,431a8542-c468-3988-a508-3afd06a218da
1493751720,3.9375,0,431a8542-c468-3988-a508-3afd06a218da
1493751780,4.0,0,431a8542-c468-3988-a508-3afd06a218da
1493751840,3.9375,0,431a8542-c468-3988-a508-3afd06a218da
1493751900,4.0,0,431a8542-c468-3988-a508-3afd06a218da
1493751960,3.9375,0,431a8542-c468-3988-a508-3afd06a218da
1493752020,3.9375,0,431a8542-c468-3988-a508-3afd06a218da
1493752080,3.8125,0,431a8542-c468-3988-a508-3afd06a218da
1493752140,4.0,0,431a8542-c468-3988-a508-3afd06a218da
1493752200,3.875,0,431a8542-c468-3988-a508-3afd06a218da
1493752260,3.9375,0,431a8542-c468-3988-a508-3afd06a218da
1493752320,3.9375,0,431a8542-c468-3988-a508-3afd06a218da
1493752380,3.9375,0,431a8542-c468-3988-a508-3afd06a218da
1493752440,4.0,0,431a8542-c468-3988-a508-3afd06a218da
1493752500,3.9375,0,431a8542-c468-3988-a508-3afd06a218da
1493752560,4.0625,0,431a8542-c468-3988-a508-3afd06a218da
1493752620,4.0,0,431a8542-c468-3988-a508-3afd06a218da
1493752680,4.0,0,431a8542-c468-3988-a508-3afd06a218da
1493752740,4.0,0,431a8542-c468-3988-a508-3afd06a218da
1493752800,4.0625,0,431a8542-c468-3988-a508-3afd06a218da
1493752860,4.0625,0,431a8542-c468-3988-a508-3afd06a218da
1493752920,4.0,0,431a8542-c468-3988-a508-3afd06a218da
1493752980,4.0625,0,431a8542-c468-3988-a508-3afd06a218da
1493753040,4.125,0,431a8542-c468-3988-a508-3afd06a218da
1493753100,4.0625,0,431a8542-c468-3988-a508-3afd06a218da
1493753160,4.1875,0,431a8542-c468-3988-a508-3afd06a218da
1493753220,4.1875,0,431a8542-c468-3988-a508-3afd06a218da
1493753280,4.1875,0,431a8542-c468-3988-a508-3afd06a218da
1493753340,4.125,0,431a8542-c468-3988-a508-3afd06a218da
1493753400,4.1875,0,431a8542-c468-3988-a508-3afd06a218da
1493753460,4.25,0,431a8542-c468-3988-a508-3afd06a218da
1493753520,4.1875,0,431a8542-c468-3988-a508-3afd06a218da
1493753580,4.5625,1,431a8542-c468-3988-a508-3afd06a218da
1493753640,6.8125,1,431a8542-c468-3988-a508-3afd06a218da
1493753700,7.625,1,431a8542-c468-3988-a508-3afd06a218da
1493753760,6.25,1,431a8542-c468-3988-a508-3afd06a218da
1493753820,7.5,1,431a8542-c468-3988-a508-3afd06a218da
1493753880,8.125,1,431a8542-c468-3988-a508-3afd06a218da
1493753940,7.875,1,431a8542-c468-3988-a508-3afd06a218da
1493754000,5.9375,1,431a8542-c468-3988-a508-3afd06a218da
1493754060,4.5,1,431a8542-c468-3988-a508-3afd06a218da
1493754120,5.8125,1,431a8542-c468-3988-a508-3afd06a218da
1493754180,7.4375,1,431a8542-c468-3988-a508-3afd06a218da
1493754240,7.75,1,431a8542-c468-3988-a508-3afd06a218da
1493754300,7.4375,1,431a8542-c468-3988-a508-3afd06a218da
1493754360,8.1875,1,431a8542-c468-3988-a508-3afd06a218da
1493754420,7.75,1,431a8542-c468-3988-a508-3afd06a218da
1493754480,6.375,1,431a8542-c468-3988-a508-3afd06a218da
1493754540,4.375,1,431a8542-c468-3988-a508-3afd06a218da
1493754600,4.125,0,431a8542-c468-3988-a508-3afd06a218da
1493754660,4.375,0,431a8542-c468-3988-a508-3afd06a218da
1493754720,4.4375,0,431a8542-c468-3988-a508-3afd06a218da
1493754780,4.0625,0,431a8542-c468-3988-a508-3afd06a218da
1493754840,4.25,0,431a8542-c468-3988-a508-3afd06a218da
1493754900,4.3125,0,431a8542-c468-3988-a508-3afd06a218da
1493754960,4.125,0,431a8542-c468-3988-a508-3afd06a218da
1493755020,4.3125,0,431a8542-c468-3988-a508-3afd06a218da
1493755080,4.25,0,431a8542-c468-3988-a508-3afd06a218da
1493755140,4.125,0,431a8542-c468-3988-a508-3afd06a218da
1493755200,4.125,0,431a8542-c468-3988-a508-3afd06a218da
1493755260,4.625,0,431a8542-c468-3988-a508-3afd06a218da
1493755320,4.375,0,431a8542-c468-3988-a508-3afd06a218da
1493755380,4.1875,0,431a8542-c468-3988-a508-3afd06a218da
1493755440,4.4375,0,431a8542-c468-3988-a508-3afd06a218da
1493755500,4.6875,0,431a8542-c468-3988-a508-3afd06a218da
1493755560,4.25,0,431a8542-c468-3988-a508-3afd06a218da
1493755620,4.4375,0,431a8542-c468-3988-a508-3afd06a218da
1493755680,4.125,0,431a8542-c468-3988-a508-3afd06a218da
1493755740,4.33333349228,0,431a8542-c468-3988-a508-3afd06a218da
1493755800,4.3125,0,431a8542-c468-3988-a508-3afd06a218da
1493755860,4.375,0,431a8542-c468-3988-a508-3afd06a218da
1493755920,4.3125,0,431a8542-c468-3988-a508-3afd06a218da
1493755980,4.25,0,431a8542-c468-3988-a508-3afd06a218da
1493756040,4.375,0,431a8542-c468-3988-a508-3afd06a218da
1493756100,4.4375,0,431a8542-c468-3988-a508-3afd06a218da
1493756160,4.4375,0,431a8542-c468-3988-a508-3afd06a218da
1493756220,4.1875,0,431a8542-c468-3988-a508-3afd06a218da
1493756280,4.375,0,431a8542-c468-3988-a508-3afd06a218da
1493756340,4.25,0,431a8542-c468-3988-a508-3afd06a218da
1493756400,4.375,0,431a8542-c468-3988-a508-3afd06a218da
1493756460,4.25,0,431a8542-c468-3988-a508-3afd06a218da
1493756520,4.375,0,431a8542-c468-3988-a508-3afd06a218da
1493756580,4.375,0,431a8542-c468-3988-a508-3afd06a218da
1493756640,4.375,0,431a8542-c468-3988-a508-3afd06a218da
1493756700,4.5625,0,431a8542-c468-3988-a508-3afd06a218da
1493756760,4.3125,0,431a8542-c468-3988-a508-3afd06a218da
1493756820,4.3125,0,431a8542-c468-3988-a508-3afd06a218da
1493756880,4.5625,0,431a8542-c468-3988-a508-3afd06a218da
1493756940,4.625,0,431a8542-c468-3988-a508-3afd06a218da
1493757000,4.4375,0,431a8542-c468-3988-a508-3afd06a218da
1493757060,4.5,0,431a8542-c468-3988-a508-3afd06a218da
1493757120,4.4375,0,431a8542-c468-3988-a508-3afd06a218da
1493757180,4.5625,0,431a8542-c468-3988-a508-3afd06a218da
1493757240,4.4375,0,431a8542-c468-3988-a508-3afd06a218da
1493757300,4.625,0,431a8542-c468-3988-a508-3afd06a218da
1493757360,4.625,0,431a8542-c468-3988-a508-3afd06a218da
1493757420,4.375,0,431a8542-c468-3988-a508-3afd06a218da
1493757480,4.5,0,431a8542-c468-3988-a508-3afd06a218da
1493757540,4.625,0,431a8542-c468-3988-a508-3afd06a218da
1493757600,4.625,0,431a8542-c468-3988-a508-3afd06a218da
1493757660,4.5,0,431a8542-c468-3988-a508-3afd06a218da
1493757720,4.5,0,431a8542-c468-3988-a508-3afd06a218da
1493757780,4.5625,0,431a8542-c468-3988-a508-3afd06a218da
1493757840,4.5,0,431a8542-c468-3988-a508-3afd06a218da
1493757900,4.6875,0,431a8542-c468-3988-a508-3afd06a218da
1493757960,4.5,0,431a8542-c468-3988-a508-3afd06a218da
1493758020,4.625,0,431a8542-c468-3988-a508-3afd06a218da
1493758080,4.75,0,431a8542-c468-3988-a508-3afd06a218da
1493758140,4.75,0,431a8542-c468-3988-a508-3afd06a218da
1493758200,4.9375,1,431a8542-c468-3988-a508-3afd06a218da
1493758260,6.25,1,431a8542-c468-3988-a508-3afd06a218da
1493758320,7.625,1,431a8542-c468-3988-a508-3afd06a218da
1493758380,8.0,1,431a8542-c468-3988-a508-3afd06a218da
1493758440,8.625,1,431a8542-c468-3988-a508-3afd06a218da
1493758500,8.1875,1,431a8542-c468-3988-a508-3afd06a218da
1493758560,8.75,1,431a8542-c468-3988-a508-3afd06a218da
1493758620,6.25,1,431a8542-c468-3988-a508-3afd06a218da
1493758680,6.25,1,431a8542-c468-3988-a508-3afd06a218da
1493758740,4.75,1,431a8542-c468-3988-a508-3afd06a218da
1493758800,4.75,1,431a8542-c468-3988-a508-3afd06a218da
1493758860,4.9375,1,431a8542-c468-3988-a508-3afd06a218da
1493758920,4.9375,1,431a8542-c468-3988-a508-3afd06a218da
1493758980,7.1875,1,431a8542-c468-3988-a508-3afd06a218da
1493759040,7.3125,1,431a8542-c468-3988-a508-3afd06a218da
1493759100,6.9375,1,431a8542-c468-3988-a508-3afd06a218da
1493759160,7.9375,1,431a8542-c468-3988-a508-3afd06a218da
1493759220,8.125,1,431a8542-c468-3988-a508-3afd06a218da
1493759280,7.5625,1,431a8542-c468-3988-a508-3afd06a218da
1493759340,7.0,1,431a8542-c468-3988-a508-3afd06a218da
1493759400,6.3125,1,431a8542-c468-3988-a508-3afd06a218da
1493759460,4.8125,1,431a8542-c468-3988-a508-3afd06a218da
1493759520,4.75,0,431a8542-c468-3988-a508-3afd06a218da
1493759580,4.6875,0,431a8542-c468-3988-a508-3afd06a218da
1493759640,4.875,0,431a8542-c468-3988-a508-3afd06a218da
1493759700,4.75,0,431a8542-c468-3988-a508-3afd06a218da
1493759760,4.9375,0,431a8542-c468-3988-a508-3afd06a218da
1493759820,4.9375,0,431a8542-c468-3988-a508-3afd06a218da
1493759880,4.9375,0,431a8542-c468-3988-a508-3afd06a218da
1493759940,4.8125,0,431a8542-c468-3988-a508-3afd06a218da
1493760000,4.875,0,431a8542-c468-3988-a508-3afd06a218da
1493760060,4.875,0,431a8542-c468-3988-a508-3afd06a218da
1493760120,4.875,0,431a8542-c468-3988-a508-3afd06a218da
1493760180,4.9375,0,431a8542-c468-3988-a508-3afd06a218da
1493760240,4.875,0,431a8542-c468-3988-a508-3afd06a218da
1493760300,4.875,0,431a8542-c468-3988-a508-3afd06a218da
1493760360,4.8125,0,431a8542-c468-3988-a508-3afd06a218da
1493760420,4.9375,0,431a8542-c468-3988-a508-3afd06a218da
1493760480,4.875,0,431a8542-c468-3988-a508-3afd06a218da
1493760540,4.875,0,431a8542-c468-3988-a508-3afd06a218da
1493760600,4.875,0,431a8542-c468-3988-a508-3afd06a218da
1493760660,4.875,0,431a8542-c468-3988-a508-3afd06a218da
1493760720,4.8125,0,431a8542-c468-3988-a508-3afd06a218da
1493760780,4.875,0,431a8542-c468-3988-a508-3afd06a218da
1493760840,4.8125,0,431a8542-c468-3988-a508-3afd06a218da
1493760900,5.0,0,431a8542-c468-3988-a508-3afd06a218da
1493760960,5.0625,0,431a8542-c468-3988-a508-3afd06a218da
1493761020,4.9375,0,431a8542-c468-3988-a508-3afd06a218da
1493761080,4.9375,0,431a8542-c468-3988-a508-3afd06a218da
1493761140,5.0625,0,431a8542-c468-3988-a508-3afd06a218da
1493761200,4.8125,0,431a8542-c468-3988-a508-3afd06a218da
1493761260,4.8125,0,431a8542-c468-3988-a508-3afd06a218da
1493761320,4.9375,0,431a8542-c468-3988-a508-3afd06a218da
1493761380,5.0,0,431a8542-c468-3988-a508-3afd06a218da
1493761440,5.0625,0,431a8542-c468-3988-a508-3afd06a218da
1493761500,5.0,0,431a8542-c468-3988-a508-3afd06a218da
1493761560,5.0625,0,431a8542-c468-3988-a508-3afd06a218da
1493761620,5.125,0,431a8542-c468-3988-a508-3afd06a218da
1493761680,5.0,0,431a8542-c468-3988-a508-3afd06a218da
1493761740,5.0625,0,431a8542-c468-3988-a508-3afd06a218da
1493761800,5.0,0,431a8542-c468-3988-a508-3afd06a218da
1493761860,5.0,0,431a8542-c468-3988-a508-3afd06a218da
1493761920,5.0,0,431a8542-c468-3988-a508-3afd06a218da
1493761980,5.0625,0,431a8542-c468-3988-a508-3afd06a218da
1493762040,4.9375,0,431a8542-c468-3988-a508-3afd06a218da
1493762100,5.0625,0,431a8542-c468-3988-a508-3afd06a218da
1493762160,5.0625,0,431a8542-c468-3988-a508-3afd06a218da
1493762220,4.875,0,431a8542-c468-3988-a508-3afd06a218da
1493762280,5.0,0,431a8542-c468-3988-a508-3afd06a218da
1493762340,4.75,0,431a8542-c468-3988-a508-3afd06a218da
1493762400,5.0625,0,431a8542-c468-3988-a508-3afd06a218da
1493762460,5.0,0,431a8542-c468-3988-a508-3afd06a218da
1493762520,4.875,0,431a8542-c468-3988-a508-3afd06a218da
1493762580,4.875,0,431a8542-c468-3988-a508-3afd06a218da
1493762640,5.0,0,431a8542-c468-3988-a508-3afd06a218da
1493762700,5.0,0,431a8542-c468-3988-a508-3afd06a218da
1493762760,4.9375,0,431a8542-c468-3988-a508-3afd06a218da
1493762820,5.25,0,431a8542-c468-3988-a508-3afd06a218da
1493762880,4.9375,0,431a8542-c468-3988-a508-3afd06a218da
1493762940,5.0625,0,431a8542-c468-3988-a508-3afd06a218da
1493763000,5.0625,0,431a8542-c468-3988-a508-3afd06a218da
1493763060,5.0625,0,431a8542-c468-3988-a508-3afd06a218da
1493763120,5.0,0,431a8542-c468-3988-a508-3afd06a218da
1493763180,4.9375,0,431a8542-c468-3988-a508-3afd06a218da
1493763240,5.0,0,431a8542-c468-3988-a508-3afd06a218da
1493763300,5.125,0,431a8542-c468-3988-a508-3afd06a218da
1493763360,5.0625,0,431a8542-c468-3988-a508-3afd06a218da
1493763420,4.8125,0,431a8542-c468-3988-a508-3afd06a218da
1493763480,5.0625,0,431a8542-c468-3988-a508-3afd06a218da
1493763540,5.0625,0,431a8542-c468-3988-a508-3afd06a218da
1493763600,5.0,0,431a8542-c468-3988-a508-3afd06a218da
1493763660,5.0625,0,431a8542-c468-3988-a508-3afd06a218da
1493763720,5.0625,0,431a8542-c468-3988-a508-3afd06a218da
1493763780,5.0,0,431a8542-c468-3988-a508-3afd06a218da
1493763840,5.1875,0,431a8542-c468-3988-a508-3afd06a218da
1493763900,5.0625,0,431a8542-c468-3988-a508-3afd06a218da
1493763960,5.0,0,431a8542-c468-3988-a508-3afd06a218da
1493764020,5.06666660309,0,431a8542-c468-3988-a508-3afd06a218da
1493764080,5.0625,0,431a8542-c468-3988-a508-3afd06a218da
1493764140,5.0625,0,431a8542-c468-3988-a508-3afd06a218da
1493764200,5.1875,0,431a8542-c468-3988-a508-3afd06a218da
1493764260,5.0625,0,431a8542-c468-3988-a508-3afd06a218da
1493764320,5.125,0,431a8542-c468-3988-a508-3afd06a218da
1493764380,5.125,0,431a8542-c468-3988-a508-3afd06a218da
1493764440,5.0625,0,431a8542-c468-3988-a508-3afd06a218da
1493764500,5.25,0,431a8542-c468-3988-a508-3afd06a218da
1493764560,5.3125,0,431a8542-c468-3988-a508-3afd06a218da
1493764620,5.0,0,431a8542-c468-3988-a508-3afd06a218da
1493764680,5.125,0,431a8542-c468-3988-a508-3afd06a218da
1493764740,5.0,0,431a8542-c468-3988-a508-3afd06a218da
1493764800,5.0,0,431a8542-c468-3988-a508-3afd06a218da
1493764860,5.125,0,431a8542-c468-3988-a508-3afd06a218da
1493764920,5.125,0,431a8542-c468-3988-a508-3afd06a218da
1493764980,5.1875,0,431a8542-c468-3988-a508-3afd06a218da
1493765040,5.125,0,431a8542-c468-3988-a508-3afd06a218da
1493765100,5.3125,0,431a8542-c468-3988-a508-3afd06a218da
1493765160,5.0625,0,431a8542-c468-3988-a508-3afd06a218da
1493765220,5.3125,0,431a8542-c468-3988-a508-3afd06a218da
1493765280,5.1875,0,431a8542-c468-3988-a508-3afd06a218da
1493765340,5.125,0,431a8542-c468-3988-a508-3afd06a218da
1493765400,5.25,0,431a8542-c468-3988-a508-3afd06a218da
1493765460,5.1875,0,431a8542-c468-3988-a508-3afd06a218da
1493765520,5.25,0,431a8542-c468-3988-a508-3afd06a218da
1493765580,5.25,0,431a8542-c468-3988-a508-3afd06a218da
1493765640,5.125,0,431a8542-c468-3988-a508-3afd06a218da
1493765700,5.4375,0,431a8542-c468-3988-a508-3afd06a218da
1493765760,5.375,0,431a8542-c468-3988-a508-3afd06a218da
1493765820,5.1875,0,431a8542-c468-3988-a508-3afd06a218da
1493765880,5.1875,0,431a8542-c468-3988-a508-3afd06a218da
1493765940,5.375,0,431a8542-c468-3988-a508-3afd06a218da
1493766000,5.25,0,431a8542-c468-3988-a508-3afd06a218da
1493766060,5.1875,0,431a8542-c468-3988-a508-3afd06a218da
1493766120,5.1875,0,431a8542-c468-3988-a508-3afd06a218da
1493766180,5.1875,0,431a8542-c468-3988-a508-3afd06a218da
1493766240,5.25,0,431a8542-c468-3988-a508-3afd06a218da
1493766300,5.0,0,431a8542-c468-3988-a508-3afd06a218da
1493766360,5.125,0,431a8542-c468-3988-a508-3afd06a218da
1493766420,5.25,0,431a8542-c468-3988-a508-3afd06a218da
1493766480,5.25,0,431a8542-c468-3988-a508-3afd06a218da
1493766540,5.3125,0,431a8542-c468-3988-a508-3afd06a218da
1493766600,5.375,0,431a8542-c468-3988-a508-3afd06a218da
1493766660,5.25,0,431a8542-c468-3988-a508-3afd06a218da
1493766720,5.375,0,431a8542-c468-3988-a508-3afd06a218da
1493766780,5.25,0,431a8542-c468-3988-a508-3afd06a218da
1493766840,5.1875,0,431a8542-c468-3988-a508-3afd06a218da
1493766900,5.25,0,431a8542-c468-3988-a508-3afd06a218da
1493766960,5.1875,0,431a8542-c468-3988-a508-3afd06a218da
1493767020,5.5,0,431a8542-c468-3988-a508-3afd06a218da
1493767080,5.125,0,431a8542-c468-3988-a508-3afd06a218da
1493767140,5.0625,0,431a8542-c468-3988-a508-3afd06a218da
1493767200,5.5625,0,431a8542-c468-3988-a508-3afd06a218da
1493767260,5.25,0,431a8542-c468-3988-a508-3afd06a218da
1493767320,5.25,0,431a8542-c468-3988-a508-3afd06a218da
1493767380,5.3125,0,431a8542-c468-3988-a508-3afd06a218da
1493767440,5.5625,0,431a8542-c468-3988-a508-3afd06a218da
1493767500,5.4375,0,431a8542-c468-3988-a508-3afd06a218da
1493767560,5.25,0,431a8542-c468-3988-a508-3afd06a218da
1493767620,5.375,0,431a8542-c468-3988-a508-3afd06a218da
1493767680,5.375,0,431a8542-c468-3988-a508-3afd06a218da
1493767740,5.3125,0,431a8542-c468-3988-a508-3afd06a218da
1493767800,5.3125,0,431a8542-c468-3988-a508-3afd06a218da
1493767860,5.5625,0,431a8542-c468-3988-a508-3afd06a218da
1493767920,5.25,0,431a8542-c468-3988-a508-3afd06a218da
1493767980,5.5,0,431a8542-c468-3988-a508-3afd06a218da
1493768040,5.375,0,431a8542-c468-3988-a508-3afd06a218da
1493768100,5.4375,0,431a8542-c468-3988-a508-3afd06a218da
1493768160,5.5,0,431a8542-c468-3988-a508-3afd06a218da
1493768220,5.4375,0,431a8542-c468-3988-a508-3afd06a218da
1493768280,5.25,0,431a8542-c468-3988-a508-3afd06a218da
1493768340,5.625,0,431a8542-c468-3988-a508-3afd06a218da
1493768400,5.4375,0,431a8542-c468-3988-a508-3afd06a218da
1493768460,5.4375,0,431a8542-c468-3988-a508-3afd06a218da
1493768520,5.6875,0,431a8542-c468-3988-a508-3afd06a218da
1493768580,5.3125,0,431a8542-c468-3988-a508-3afd06a218da
1493768640,5.5625,0,431a8542-c468-3988-a508-3afd06a218da
1493768700,5.6875,0,431a8542-c468-3988-a508-3afd06a218da
1493768760,5.5,0,431a8542-c468-3988-a508-3afd06a218da
1493768820,5.625,0,431a8542-c468-3988-a508-3afd06a218da
1493768880,5.75,0,431a8542-c468-3988-a508-3afd06a218da
1493768940,5.5,0,431a8542-c468-3988-a508-3afd06a218da
1493769000,5.875,0,431a8542-c468-3988-a508-3afd06a218da
1493769060,5.875,0,431a8542-c468-3988-a508-3afd06a218da
1493769120,5.4375,0,431a8542-c468-3988-a508-3afd06a218da
1493769180,5.625,0,431a8542-c468-3988-a508-3afd06a218da
1493769240,5.9375,0,431a8542-c468-3988-a508-3afd06a218da
1493769300,5.6875,0,431a8542-c468-3988-a508-3afd06a218da
1493769360,5.8125,0,431a8542-c468-3988-a508-3afd06a218da
1493769420,5.5625,0,431a8542-c468-3988-a508-3afd06a218da
1493769480,5.6875,0,431a8542-c468-3988-a508-3afd06a218da
1493769540,5.8125,0,431a8542-c468-3988-a508-3afd06a218da
1493769600,5.6875,0,431a8542-c468-3988-a508-3afd06a218da
1493769660,5.625,0,431a8542-c468-3988-a508-3afd06a218da
1493769720,5.625,0,431a8542-c468-3988-a508-3afd06a218da
1493769780,5.66666650772,0,431a8542-c468-3988-a508-3afd06a218da
1493769840,5.625,0,431a8542-c468-3988-a508-3afd06a218da
1493769900,5.75,0,431a8542-c468-3988-a508-3afd06a218da
1493769960,5.6875,0,431a8542-c468-3988-a508-3afd06a218da
1493770020,6.0,0,431a8542-c468-3988-a508-3afd06a218da
1493770080,5.8125,0,431a8542-c468-3988-a508-3afd06a218da
1493770140,5.6875,0,431a8542-c468-3988-a508-3afd06a218da
1493770200,5.8125,0,431a8542-c468-3988-a508-3afd06a218da
1493770260,5.75,0,431a8542-c468-3988-a508-3afd06a218da
1493770320,5.75,0,431a8542-c468-3988-a508-3afd06a218da
1493770380,5.6875,0,431a8542-c468-3988-a508-3afd06a218da
1493770440,5.6875,0,431a8542-c468-3988-a508-3afd06a218da
1493770500,5.75,0,431a8542-c468-3988-a508-3afd06a218da
1493770560,5.875,0,431a8542-c468-3988-a508-3afd06a218da
1493770620,5.75,0,431a8542-c468-3988-a508-3afd06a218da
1493770680,5.8125,0,431a8542-c468-3988-a508-3afd06a218da
1493770740,5.875,0,431a8542-c468-3988-a508-3afd06a218da
1493770800,5.875,0,431a8542-c468-3988-a508-3afd06a218da
1493770860,6.0,0,431a8542-c468-3988-a508-3afd06a218da
1493770920,6.0,0,431a8542-c468-3988-a508-3afd06a218da
1493770980,5.8125,0,431a8542-c468-3988-a508-3afd06a218da
1493771040,5.9375,0,431a8542-c468-3988-a508-3afd06a218da
1493771100,5.6875,0,431a8542-c468-3988-a508-3afd06a218da
1493771160,5.9375,0,431a8542-c468-3988-a508-3afd06a218da
1493771220,6.0625,0,431a8542-c468-3988-a508-3afd06a218da
1493771280,5.875,0,431a8542-c468-3988-a508-3afd06a218da
1493771340,5.75,0,431a8542-c468-3988-a508-3afd06a218da
1493771400,5.8125,0,431a8542-c468-3988-a508-3afd06a218da
1493771460,6.1875,0,431a8542-c468-3988-a508-3afd06a218da
1493771520,5.9375,0,431a8542-c468-3988-a508-3afd06a218da
1493771580,5.8125,0,431a8542-c468-3988-a508-3afd06a218da
1493771640,5.6875,0,431a8542-c468-3988-a508-3afd06a218da
1493771700,5.875,0,431a8542-c468-3988-a508-3afd06a218da
1493771760,5.8125,0,431a8542-c468-3988-a508-3afd06a218da
1493771820,5.875,0,431a8542-c468-3988-a508-3afd06a218da
1493771880,5.875,0,431a8542-c468-3988-a508-3afd06a218da
1493771940,5.8125,0,431a8542-c468-3988-a508-3afd06a218da
1493772000,5.75,0,431a8542-c468-3988-a508-3afd06a218da
1493772060,5.9375,0,431a8542-c468-3988-a508-3afd06a218da
1493772120,6.0,0,431a8542-c468-3988-a508-3afd06a218da
1493772180,5.875,0,431a8542-c468-3988-a508-3afd06a218da
1493772240,6.0625,0,431a8542-c468-3988-a508-3afd06a218da
1493772300,5.8125,0,431a8542-c468-3988-a508-3afd06a218da
1493772360,5.875,0,431a8542-c468-3988-a508-3afd06a218da
1493772420,6.0,0,431a8542-c468-3988-a508-3afd06a218da
1493772480,5.9375,0,431a8542-c468-3988-a508-3afd06a218da
1493772540,5.8125,0,431a8542-c468-3988-a508-3afd06a218da
1493772600,6.0625,0,431a8542-c468-3988-a508-3afd06a218da
1493772660,5.9375,0,431a8542-c468-3988-a508-3afd06a218da
1493772720,6.125,0,431a8542-c468-3988-a508-3afd06a218da
1493772780,5.9375,0,431a8542-c468-3988-a508-3afd06a218da
1493772840,5.9375,0,431a8542-c468-3988-a508-3afd06a218da
1493772900,6.0,0,431a8542-c468-3988-a508-3afd06a218da
1493772960,5.875,0,431a8542-c468-3988-a508-3afd06a218da
1493773020,5.9375,0,431a8542-c468-3988-a508-3afd06a218da
1493773080,6.0,0,431a8542-c468-3988-a508-3afd06a218da
1493773140,6.125,0,431a8542-c468-3988-a508-3afd06a218da
1493773200,5.9375,0,431a8542-c468-3988-a508-3afd06a218da
1493773260,5.875,0,431a8542-c468-3988-a508-3afd06a218da
1493773320,5.9375,0,431a8542-c468-3988-a508-3afd06a218da
1493773380,5.8125,0,431a8542-c468-3988-a508-3afd06a218da
1493773440,5.8125,0,431a8542-c468-3988-a508-3afd06a218da
1493773500,5.6875,0,431a8542-c468-3988-a508-3afd06a218da
1493773560,6.0,0,431a8542-c468-3988-a508-3afd06a218da
1493773620,5.86666679382,0,431a8542-c468-3988-a508-3afd06a218da
1493773680,5.875,0,431a8542-c468-3988-a508-3afd06a218da
1493773740,6.0625,0,431a8542-c468-3988-a508-3afd06a218da
1493773800,5.8125,0,431a8542-c468-3988-a508-3afd06a218da
1493773860,6.125,0,431a8542-c468-3988-a508-3afd06a218da
1493773920,6.0625,0,431a8542-c468-3988-a508-3afd06a218da
1493773980,6.0,0,431a8542-c468-3988-a508-3afd06a218da
1493774040,5.9375,0,431a8542-c468-3988-a508-3afd06a218da
1493774100,5.9375,0,431a8542-c468-3988-a508-3afd06a218da
1493774160,6.0625,0,431a8542-c468-3988-a508-3afd06a218da
1493774220,6.0,0,431a8542-c468-3988-a508-3afd06a218da
1493774280,5.875,0,431a8542-c468-3988-a508-3afd06a218da
1493774340,6.125,0,431a8542-c468-3988-a508-3afd06a218da
1493774400,5.8125,0,431a8542-c468-3988-a508-3afd06a218da
1493774460,6.0625,0,431a8542-c468-3988-a508-3afd06a218da
1493774520,6.25,0,431a8542-c468-3988-a508-3afd06a218da
1493774580,5.875,0,431a8542-c468-3988-a508-3afd06a218da
1493774640,5.875,0,431a8542-c468-3988-a508-3afd06a218da
1493774700,6.0,0,431a8542-c468-3988-a508-3afd06a218da
1493774760,5.9375,0,431a8542-c468-3988-a508-3afd06a218da
1493774820,6.0625,0,431a8542-c468-3988-a508-3afd06a218da
1493774880,6.0625,0,431a8542-c468-3988-a508-3afd06a218da
1493774940,6.0625,0,431a8542-c468-3988-a508-3afd06a218da
1493775000,6.0,0,431a8542-c468-3988-a508-3afd06a218da
1493775060,6.0,0,431a8542-c468-3988-a508-3afd06a218da
1493775120,6.0,0,431a8542-c468-3988-a508-3afd06a218da
1493775180,5.875,0,431a8542-c468-3988-a508-3afd06a218da
1493775240,6.0,0,431a8542-c468-3988-a508-3afd06a218da
1493775300,6.0625,0,431a8542-c468-3988-a508-3afd06a218da
1493775360,5.8125,0,431a8542-c468-3988-a508-3afd06a218da
1493775420,5.9375,0,431a8542-c468-3988-a508-3afd06a218da
1493775480,6.0625,0,431a8542-c468-3988-a508-3afd06a218da
1493775540,6.0,0,431a8542-c468-3988-a508-3afd06a218da
1493775600,6.125,0,431a8542-c468-3988-a508-3afd06a218da
1493775660,6.125,0,431a8542-c468-3988-a508-3afd06a218da
1493775720,5.875,0,431a8542-c468-3988-a508-3afd06a218da
1493775780,5.875,0,431a8542-c468-3988-a508-3afd06a218da
1493775840,6.0625,0,431a8542-c468-3988-a508-3afd06a218da
1493775900,6.125,0,431a8542-c468-3988-a508-3afd06a218da
1493775960,6.125,0,431a8542-c468-3988-a508-3afd06a218da
1493776020,6.125,0,431a8542-c468-3988-a508-3afd06a218da
1493776080,6.0,0,431a8542-c468-3988-a508-3afd06a218da
1493776140,6.0,0,431a8542-c468-3988-a508-3afd06a218da
1493776200,5.9375,0,431a8542-c468-3988-a508-3afd06a218da
1493776260,6.0625,0,431a8542-c468-3988-a508-3afd06a218da
1493776320,6.0625,0,431a8542-c468-3988-a508-3afd06a218da
1493776380,5.8125,0,431a8542-c468-3988-a508-3afd06a218da
1493776440,5.875,0,431a8542-c468-3988-a508-3afd06a218da
1493776500,6.25,0,431a8542-c468-3988-a508-3afd06a218da
1493776560,6.0,0,431a8542-c468-3988-a508-3afd06a218da
1493776620,6.125,0,431a8542-c468-3988-a508-3afd06a218da
1493776680,6.125,0,431a8542-c468-3988-a508-3afd06a218da
1493776740,6.0625,0,431a8542-c468-3988-a508-3afd06a218da
1493776800,6.0625,0,431a8542-c468-3988-a508-3afd06a218da
1493776860,6.0,0,431a8542-c468-3988-a508-3afd06a218da
1493776920,6.3125,0,431a8542-c468-3988-a508-3afd06a218da
1493776980,6.25,0,431a8542-c468-3988-a508-3afd06a218da
1493777040,6.125,0,431a8542-c468-3988-a508-3afd06a218da
1493777100,6.25,0,431a8542-c468-3988-a508-3afd06a218da
1493777160,6.1875,0,431a8542-c468-3988-a508-3afd06a218da
1493777220,6.1875,0,431a8542-c468-3988-a508-3afd06a218da
1493777280,6.0625,0,431a8542-c468-3988-a508-3afd06a218da
1493777340,6.0625,0,431a8542-c468-3988-a508-3afd06a218da
1493777400,5.8125,0,431a8542-c468-3988-a508-3afd06a218da
1493777460,6.0625,0,431a8542-c468-3988-a508-3afd06a218da
1493777520,6.1875,0,431a8542-c468-3988-a508-3afd06a218da
1493777580,6.25,0,431a8542-c468-3988-a508-3afd06a218da
1493777640,6.25,0,431a8542-c468-3988-a508-3afd06a218da
1493777700,6.1875,0,431a8542-c468-3988-a508-3afd06a218da
1493777760,6.25,0,431a8542-c468-3988-a508-3afd06a218da
1493777820,6.125,0,431a8542-c468-3988-a508-3afd06a218da
1493777880,6.0625,0,431a8542-c468-3988-a508-3afd06a218da
1493777940,6.0,0,431a8542-c468-3988-a508-3afd06a218da
1493778000,6.0625,0,431a8542-c468-3988-a508-3afd06a218da
1493778060,6.375,0,431a8542-c468-3988-a508-3afd06a218da
1493778120,6.25,0,431a8542-c468-3988-a508-3afd06a218da
1493778180,6.1875,0,431a8542-c468-3988-a508-3afd06a218da
1493778240,6.25,0,431a8542-c468-3988-a508-3afd06a218da
1493778300,6.1875,0,431a8542-c468-3988-a508-3afd06a218da
1493778360,6.375,0,431a8542-c468-3988-a508-3afd06a218da
1493778420,6.375,0,431a8542-c468-3988-a508-3afd06a218da
1493778480,6.0,0,431a8542-c468-3988-a508-3afd06a218da
1493778540,6.5625,0,431a8542-c468-3988-a508-3afd06a218da
1493778600,6.375,0,431a8542-c468-3988-a508-3afd06a218da
1493778660,6.625,0,431a8542-c468-3988-a508-3afd06a218da
1493778720,6.625,0,431a8542-c468-3988-a508-3afd06a218da
1493778780,6.5625,0,431a8542-c468-3988-a508-3afd06a218da
1493778840,6.4375,0,431a8542-c468-3988-a508-3afd06a218da
1493778900,6.4375,0,431a8542-c468-3988-a508-3afd06a218da
1493778960,6.5625,0,431a8542-c468-3988-a508-3afd06a218da
1493779020,6.5625,0,431a8542-c468-3988-a508-3afd06a218da
1493779080,6.6875,0,431a8542-c468-3988-a508-3afd06a218da
1493779140,6.375,0,431a8542-c468-3988-a508-3afd06a218da
1493779200,6.625,0,431a8542-c468-3988-a508-3afd06a218da
1493779260,6.3125,0,431a8542-c468-3988-a508-3afd06a218da
1493779320,6.5,0,431a8542-c468-3988-a508-3afd06a218da
1493779380,6.5625,0,431a8542-c468-3988-a508-3afd06a218da
1493779440,6.8125,0,431a8542-c468-3988-a508-3afd06a218da
1493779500,6.6875,0,431a8542-c468-3988-a508-3afd06a218da
1493779560,6.5625,0,431a8542-c468-3988-a508-3afd06a218da
1493779620,6.6875,0,431a8542-c468-3988-a508-3afd06a218da
1493779680,6.75,0,431a8542-c468-3988-a508-3afd06a218da
1493779740,6.75,0,431a8542-c468-3988-a508-3afd06a218da
1493779800,6.625,0,431a8542-c468-3988-a508-3afd06a218da
1493779860,6.8125,0,431a8542-c468-3988-a508-3afd06a218da
1493779920,6.6875,0,431a8542-c468-3988-a508-3afd06a218da
1493779980,6.6875,0,431a8542-c468-3988-a508-3afd06a218da
1493780040,6.8125,0,431a8542-c468-3988-a508-3afd06a218da
1493780100,6.375,0,431a8542-c468-3988-a508-3afd06a218da
1493780160,6.5625,0,431a8542-c468-3988-a508-3afd06a218da
1493780220,6.6875,0,431a8542-c468-3988-a508-3afd06a218da
1493780280,6.875,0,431a8542-c468-3988-a508-3afd06a218da
1493780340,6.875,0,431a8542-c468-3988-a508-3afd06a218da
1493780400,6.75,0,431a8542-c468-3988-a508-3afd06a218da
1493780460,6.75,0,431a8542-c468-3988-a508-3afd06a218da
1493780520,6.8125,0,431a8542-c468-3988-a508-3afd06a218da
1493780580,6.875,0,431a8542-c468-3988-a508-3afd06a218da
1493780640,6.75,0,431a8542-c468-3988-a508-3afd06a218da
1493780700,6.8125,0,431a8542-c468-3988-a508-3afd06a218da
1493780760,6.5625,0,431a8542-c468-3988-a508-3afd06a218da
1493780820,6.8125,0,431a8542-c468-3988-a508-3afd06a218da
1493780880,6.8125,0,431a8542-c468-3988-a508-3afd06a218da
1493780940,6.6875,0,431a8542-c468-3988-a508-3afd06a218da
1493781000,6.8125,0,431a8542-c468-3988-a508-3afd06a218da
1493781060,6.75,0,431a8542-c468-3988-a508-3afd06a218da
1493781120,7.0625,0,431a8542-c468-3988-a508-3afd06a218da
1493781180,7.0,0,431a8542-c468-3988-a508-3afd06a218da
1493781240,7.0,0,431a8542-c468-3988-a508-3afd06a218da
1493781300,7.0,0,431a8542-c468-3988-a508-3afd06a218da
1493781360,6.875,0,431a8542-c468-3988-a508-3afd06a218da
1493781420,6.9375,0,431a8542-c468-3988-a508-3afd06a218da
1493781480,6.9375,0,431a8542-c468-3988-a508-3afd06a218da
1493781540,6.8125,0,431a8542-c468-3988-a508-3afd06a218da
1493781600,6.8125,0,431a8542-c468-3988-a508-3afd06a218da
1493781660,7.0,0,431a8542-c468-3988-a508-3afd06a218da
1493781720,6.875,0,431a8542-c468-3988-a508-3afd06a218da
1493781780,6.9375,0,431a8542-c468-3988-a508-3afd06a218da
1493781840,6.75,0,431a8542-c468-3988-a508-3afd06a218da
1493781900,6.875,0,431a8542-c468-3988-a508-3afd06a218da
1493781960,6.8125,0,431a8542-c468-3988-a508-3afd06a218da
1493782020,6.8125,0,431a8542-c468-3988-a508-3afd06a218da
1493782080,6.9375,0,431a8542-c468-3988-a508-3afd06a218da
1493782140,6.875,0,431a8542-c468-3988-a508-3afd06a218da
1493782200,7.0625,0,431a8542-c468-3988-a508-3afd06a218da
1493782260,7.3125,0,431a8542-c468-3988-a508-3afd06a218da
1493782320,6.875,0,431a8542-c468-3988-a508-3afd06a218da
1493782380,7.0,0,431a8542-c468-3988-a508-3afd06a218da
1493782440,6.9375,0,431a8542-c468-3988-a508-3afd06a218da
1493782500,7.0625,0,431a8542-c468-3988-a508-3afd06a218da
1493782560,6.9375,0,431a8542-c468-3988-a508-3afd06a218da
1493782620,7.0,0,431a8542-c468-3988-a508-3afd06a218da
1493782680,7.0,0,431a8542-c468-3988-a508-3afd06a218da
1493782740,7.375,0,431a8542-c468-3988-a508-3afd06a218da
1493782800,7.125,0,431a8542-c468-3988-a508-3afd06a218da
1493782860,6.875,0,431a8542-c468-3988-a508-3afd06a218da
1493782920,7.0625,0,431a8542-c468-3988-a508-3afd06a218da
1493782980,6.8125,0,431a8542-c468-3988-a508-3afd06a218da
1493783040,6.875,0,431a8542-c468-3988-a508-3afd06a218da
1493783100,7.25,0,431a8542-c468-3988-a508-3afd06a218da
1493783160,7.0,0,431a8542-c468-3988-a508-3afd06a218da
1493783220,7.125,0,431a8542-c468-3988-a508-3afd06a218da
1493783280,7.1875,0,431a8542-c468-3988-a508-3afd06a218da
1493783340,7.25,0,431a8542-c468-3988-a508-3afd06a218da
1493783400,7.0625,0,431a8542-c468-3988-a508-3afd06a218da
1493783460,7.0,0,431a8542-c468-3988-a508-3afd06a218da
1493783520,6.9375,0,431a8542-c468-3988-a508-3afd06a218da
1493783580,7.125,0,431a8542-c468-3988-a508-3afd06a218da
1493783640,7.0,0,431a8542-c468-3988-a508-3afd06a218da
1493783700,7.0625,0,431a8542-c468-3988-a508-3afd06a218da
1493783760,7.125,0,431a8542-c468-3988-a508-3afd06a218da
1493783820,7.125,0,431a8542-c468-3988-a508-3afd06a218da
1493783880,7.125,0,431a8542-c468-3988-a508-3afd06a218da
1493783940,7.375,0,431a8542-c468-3988-a508-3afd06a218da
1493784000,7.1875,0,431a8542-c468-3988-a508-3afd06a218da
1493784060,7.5625,0,431a8542-c468-3988-a508-3afd06a218da
1493784120,7.5625,0,431a8542-c468-3988-a508-3afd06a218da
1493784180,6.9375,0,431a8542-c468-3988-a508-3afd06a218da
1493784240,7.5,0,431a8542-c468-3988-a508-3afd06a218da
1493784300,7.0,0,431a8542-c468-3988-a508-3afd06a218da
1493784360,7.0,0,431a8542-c468-3988-a508-3afd06a218da
1493784420,7.3125,0,431a8542-c468-3988-a508-3afd06a218da
1493784480,7.125,0,431a8542-c468-3988-a508-3afd06a218da
1493784540,7.1875,0,431a8542-c468-3988-a508-3afd06a218da
1493784600,7.3125,0,431a8542-c468-3988-a508-3afd06a218da
1493784660,7.3125,0,431a8542-c468-3988-a508-3afd06a218da
1493784720,7.4375,0,431a8542-c468-3988-a508-3afd06a218da
1493784780,7.25,0,431a8542-c468-3988-a508-3afd06a218da
1493784840,7.25,0,431a8542-c468-3988-a508-3afd06a218da
1493784900,7.4375,0,431a8542-c468-3988-a508-3afd06a218da
1493784960,7.3125,0,431a8542-c468-3988-a508-3afd06a218da
1493785020,7.0625,0,431a8542-c468-3988-a508-3afd06a218da
1493785080,7.3125,0,431a8542-c468-3988-a508-3afd06a218da
1493785140,7.3125,0,431a8542-c468-3988-a508-3afd06a218da
1493785200,7.1875,0,431a8542-c468-3988-a508-3afd06a218da
1493785260,7.3125,0,431a8542-c468-3988-a508-3afd06a218da
1493785320,7.25,0,431a8542-c468-3988-a508-3afd06a218da
1493785380,7.5,0,431a8542-c468-3988-a508-3afd06a218da
1493785440,7.4375,0,431a8542-c468-3988-a508-3afd06a218da
1493785500,7.1875,0,431a8542-c468-3988-a508-3afd06a218da
1493785560,7.5,0,431a8542-c468-3988-a508-3afd06a218da
1493785620,7.5,0,431a8542-c468-3988-a508-3afd06a218da
1493785680,7.25,0,431a8542-c468-3988-a508-3afd06a218da
1493785740,7.5,0,431a8542-c468-3988-a508-3afd06a218da
1493785800,7.5,0,431a8542-c468-3988-a508-3afd06a218da
1493785860,7.375,0,431a8542-c468-3988-a508-3afd06a218da
1493785920,7.375,0,431a8542-c468-3988-a508-3afd06a218da
1493785980,7.5,0,431a8542-c468-3988-a508-3afd06a218da
1493786040,7.1875,0,431a8542-c468-3988-a508-3afd06a218da
1493786100,7.25,0,431a8542-c468-3988-a508-3afd06a218da
1493786160,7.25,0,431a8542-c468-3988-a508-3afd06a218da
1493786220,7.5,0,431a8542-c468-3988-a508-3afd06a218da
1493786280,7.5,0,431a8542-c468-3988-a508-3afd06a218da
1493786340,7.25,0,431a8542-c468-3988-a508-3afd06a218da
1493786400,7.1875,0,431a8542-c468-3988-a508-3afd06a218da
1493786460,7.4375,0,431a8542-c468-3988-a508-3afd06a218da
1493786520,7.375,0,431a8542-c468-3988-a508-3afd06a218da
1493786580,7.25,0,431a8542-c468-3988-a508-3afd06a218da
1493786640,7.6875,0,431a8542-c468-3988-a508-3afd06a218da
1493786700,7.4375,0,431a8542-c468-3988-a508-3afd06a218da
1493786760,7.25,0,431a8542-c468-3988-a508-3afd06a218da
1493786820,7.5625,0,431a8542-c468-3988-a508-3afd06a218da
1493786880,7.3125,0,431a8542-c468-3988-a508-3afd06a218da
1493786940,7.3125,0,431a8542-c468-3988-a508-3afd06a218da
1493787000,7.3125,0,431a8542-c468-3988-a508-3afd06a218da
1493787060,7.5625,0,431a8542-c468-3988-a508-3afd06a218da
1493787120,7.25,0,431a8542-c468-3988-a508-3afd06a218da
1493787180,7.125,0,431a8542-c468-3988-a508-3afd06a218da
1493787240,7.3125,0,431a8542-c468-3988-a508-3afd06a218da
1493787300,7.5625,0,431a8542-c468-3988-a508-3afd06a218da
1493787360,7.4375,0,431a8542-c468-3988-a508-3afd06a218da
1493787420,7.3125,0,431a8542-c468-3988-a508-3afd06a218da
1493787480,7.5,0,431a8542-c468-3988-a508-3afd06a218da
1493787540,7.0625,0,431a8542-c468-3988-a508-3afd06a218da
1493787600,7.125,0,431a8542-c468-3988-a508-3afd06a218da
1493787660,7.3125,0,431a8542-c468-3988-a508-3afd06a218da
1493787720,7.5,0,431a8542-c468-3988-a508-3afd06a218da
1493787780,7.0625,0,431a8542-c468-3988-a508-3afd06a218da
1493787840,7.3125,0,431a8542-c468-3988-a508-3afd06a218da
1493787900,7.3125,0,431a8542-c468-3988-a508-3afd06a218da
1493787960,7.25,0,431a8542-c468-3988-a508-3afd06a218da
1493788020,7.125,0,431a8542-c468-3988-a508-3afd06a218da
1493788080,7.125,0,431a8542-c468-3988-a508-3afd06a218da
1493788140,7.1875,0,431a8542-c468-3988-a508-3afd06a218da
1493788200,7.125,0,431a8542-c468-3988-a508-3afd06a218da
1493788260,7.1875,0,431a8542-c468-3988-a508-3afd06a218da
1493788320,7.5625,0,431a8542-c468-3988-a508-3afd06a218da
1493788380,7.125,0,431a8542-c468-3988-a508-3afd06a218da
1493788440,7.25,0,431a8542-c468-3988-a508-3afd06a218da
1493788500,7.1875,0,431a8542-c468-3988-a508-3afd06a218da
1493788560,7.125,0,431a8542-c468-3988-a508-3afd06a218da
1493788620,7.3125,0,431a8542-c468-3988-a508-3afd06a218da
1493788680,7.1875,0,431a8542-c468-3988-a508-3afd06a218da
1493788740,7.125,0,431a8542-c468-3988-a508-3afd06a218da
1493788800,6.9375,0,431a8542-c468-3988-a508-3afd06a218da
1493788860,6.875,0,431a8542-c468-3988-a508-3afd06a218da
1493788920,6.875,0,431a8542-c468-3988-a508-3afd06a218da
1493788980,7.0625,0,431a8542-c468-3988-a508-3afd06a218da
1493789040,6.9375,0,431a8542-c468-3988-a508-3afd06a218da
1493789100,6.875,0,431a8542-c468-3988-a508-3afd06a218da
1493789160,7.125,0,431a8542-c468-3988-a508-3afd06a218da
1493789220,7.25,0,431a8542-c468-3988-a508-3afd06a218da
1493789280,6.9375,0,431a8542-c468-3988-a508-3afd06a218da
1493789340,6.9375,0,431a8542-c468-3988-a508-3afd06a218da
1493789400,7.0625,0,431a8542-c468-3988-a508-3afd06a218da
1493789460,7.0625,0,431a8542-c468-3988-a508-3afd06a218da
1493789520,6.8125,0,431a8542-c468-3988-a508-3afd06a218da
1493789580,7.0625,0,431a8542-c468-3988-a508-3afd06a218da
1493789640,6.875,0,431a8542-c468-3988-a508-3afd06a218da
1493789700,6.933333396910001,0,431a8542-c468-3988-a508-3afd06a218da
1493789760,7.0,0,431a8542-c468-3988-a508-3afd06a218da
1493789820,7.0625,0,431a8542-c468-3988-a508-3afd06a218da
1493789880,6.875,0,431a8542-c468-3988-a508-3afd06a218da
1493789940,6.8125,0,431a8542-c468-3988-a508-3afd06a218da
1493790000,6.75,0,431a8542-c468-3988-a508-3afd06a218da
1493790060,6.875,0,431a8542-c468-3988-a508-3afd06a218da
1493790120,6.875,0,431a8542-c468-3988-a508-3afd06a218da
1493790180,6.9375,0,431a8542-c468-3988-a508-3afd06a218da
1493790240,6.75,0,431a8542-c468-3988-a508-3afd06a218da
1493790300,6.8125,0,431a8542-c468-3988-a508-3afd06a218da
1493790360,6.5625,0,431a8542-c468-3988-a508-3afd06a218da
1493790420,6.5625,0,431a8542-c468-3988-a508-3afd06a218da
1493790480,6.6875,0,431a8542-c468-3988-a508-3afd06a218da
1493790540,6.625,0,431a8542-c468-3988-a508-3afd06a218da
1493790600,6.6875,0,431a8542-c468-3988-a508-3afd06a218da
1493790660,6.875,0,431a8542-c468-3988-a508-3afd06a218da
1493790720,6.75,0,431a8542-c468-3988-a508-3afd06a218da
1493790780,6.5,0,431a8542-c468-3988-a508-3afd06a218da
1493790840,6.625,0,431a8542-c468-3988-a508-3afd06a218da
1493790900,6.5625,0,431a8542-c468-3988-a508-3afd06a218da
1493790960,6.6875,0,431a8542-c468-3988-a508-3afd06a218da
1493791020,6.5625,0,431a8542-c468-3988-a508-3afd06a218da
1493791080,6.3125,0,431a8542-c468-3988-a508-3afd06a218da
1493791140,6.6875,0,431a8542-c468-3988-a508-3afd06a218da
1493791200,6.5,0,431a8542-c468-3988-a508-3afd06a218da
1493791260,6.3125,0,431a8542-c468-3988-a508-3afd06a218da
1493791320,6.4375,0,431a8542-c468-3988-a508-3afd06a218da
1493791380,6.4375,0,431a8542-c468-3988-a508-3afd06a218da
1493791440,6.3125,0,431a8542-c468-3988-a508-3afd06a218da
1493791500,6.625,0,431a8542-c468-3988-a508-3afd06a218da
1493791560,6.25,0,431a8542-c468-3988-a508-3afd06a218da
1493791620,6.1875,0,431a8542-c468-3988-a508-3afd06a218da
1493791680,6.3125,0,431a8542-c468-3988-a508-3afd06a218da
1493791740,6.125,0,431a8542-c468-3988-a508-3afd06a218da
1493791800,6.1333332061800006,0,431a8542-c468-3988-a508-3afd06a218da
1493791860,6.3125,0,431a8542-c468-3988-a508-3afd06a218da
1493791920,6.25,0,431a8542-c468-3988-a508-3afd06a218da
1493791980,6.25,0,431a8542-c468-3988-a508-3afd06a218da
1493792040,6.0,0,431a8542-c468-3988-a508-3afd06a218da
1493792100,5.875,0,431a8542-c468-3988-a508-3afd06a218da
1493792160,6.25,0,431a8542-c468-3988-a508-3afd06a218da
1493792220,6.25,0,431a8542-c468-3988-a508-3afd06a218da
1493792280,6.0,0,431a8542-c468-3988-a508-3afd06a218da
1493792340,6.3125,0,431a8542-c468-3988-a508-3afd06a218da
1493792400,6.0625,0,431a8542-c468-3988-a508-3afd06a218da
1493792460,6.1875,0,431a8542-c468-3988-a508-3afd06a218da
1493792520,6.125,0,431a8542-c468-3988-a508-3afd06a218da
1493792580,5.9375,0,431a8542-c468-3988-a508-3afd06a218da
1493792640,5.8125,0,431a8542-c468-3988-a508-3afd06a218da
1493792700,6.125,0,431a8542-c468-3988-a508-3afd06a218da
1493792760,5.8125,0,431a8542-c468-3988-a508-3afd06a218da
1493792820,6.0625,0,431a8542-c468-3988-a508-3afd06a218da
1493792880,6.0,0,431a8542-c468-3988-a508-3afd06a218da
1493792940,5.8125,0,431a8542-c468-3988-a508-3afd06a218da
1493793000,6.125,0,431a8542-c468-3988-a508-3afd06a218da
1493793060,5.875,0,431a8542-c468-3988-a508-3afd06a218da
1493793120,5.6875,0,431a8542-c468-3988-a508-3afd06a218da
1493793180,6.0625,0,431a8542-c468-3988-a508-3afd06a218da
1493793240,5.6875,0,431a8542-c468-3988-a508-3afd06a218da
1493793300,5.6875,0,431a8542-c468-3988-a508-3afd06a218da
1493793360,5.9375,0,431a8542-c468-3988-a508-3afd06a218da
1493793420,5.5625,0,431a8542-c468-3988-a508-3afd06a218da
1493793480,5.6875,0,431a8542-c468-3988-a508-3afd06a218da
1493793540,5.75,0,431a8542-c468-3988-a508-3afd06a218da
1493793600,5.625,0,431a8542-c468-3988-a508-3afd06a218da
1493793660,5.6875,0,431a8542-c468-3988-a508-3afd06a218da
1493793720,5.5625,0,431a8542-c468-3988-a508-3afd06a218da
1493793780,5.75,0,431a8542-c468-3988-a508-3afd06a218da
1493793840,5.4375,0,431a8542-c468-3988-a508-3afd06a218da
1493793900,5.625,0,431a8542-c468-3988-a508-3afd06a218da
1493793960,5.5625,0,431a8542-c468-3988-a508-3afd06a218da
1493794020,5.75,0,431a8542-c468-3988-a508-3afd06a218da
1493794080,5.5,0,431a8542-c468-3988-a508-3afd06a218da
1493794140,5.5,0,431a8542-c468-3988-a508-3afd06a218da
1493794200,5.375,0,431a8542-c468-3988-a508-3afd06a218da
1493794260,5.5625,0,431a8542-c468-3988-a508-3afd06a218da
1493794320,5.125,0,431a8542-c468-3988-a508-3afd06a218da
1493794380,5.25,0,431a8542-c468-3988-a508-3afd06a218da
1493794440,5.375,0,431a8542-c468-3988-a508-3afd06a218da
1493794500,5.25,0,431a8542-c468-3988-a508-3afd06a218da
1493794560,5.3125,0,431a8542-c468-3988-a508-3afd06a218da
1493794620,5.0625,0,431a8542-c468-3988-a508-3afd06a218da
1493794680,5.1875,0,431a8542-c468-3988-a508-3afd06a218da
1493794740,5.25,0,431a8542-c468-3988-a508-3afd06a218da
1493794800,4.9375,0,431a8542-c468-3988-a508-3afd06a218da
1493794860,5.0625,0,431a8542-c468-3988-a508-3afd06a218da
1493794920,5.0,0,431a8542-c468-3988-a508-3afd06a218da
1493794980,5.125,0,431a8542-c468-3988-a508-3afd06a218da
1493795040,4.9375,0,431a8542-c468-3988-a508-3afd06a218da
1493795100,4.9375,0,431a8542-c468-3988-a508-3afd06a218da
1493795160,5.0625,0,431a8542-c468-3988-a508-3afd06a218da
1493795220,4.9375,0,431a8542-c468-3988-a508-3afd06a218da
1493795280,5.0,0,431a8542-c468-3988-a508-3afd06a218da
1493795340,4.8125,0,431a8542-c468-3988-a508-3afd06a218da
1493795400,4.9375,0,431a8542-c468-3988-a508-3afd06a218da
1493795460,5.125,0,431a8542-c468-3988-a508-3afd06a218da
1493795520,4.75,0,431a8542-c468-3988-a508-3afd06a218da
1493795580,4.9375,0,431a8542-c468-3988-a508-3afd06a218da
1493795640,4.875,0,431a8542-c468-3988-a508-3afd06a218da
1493795700,4.75,0,431a8542-c468-3988-a508-3afd06a218da
1493795760,4.75,0,431a8542-c468-3988-a508-3afd06a218da
1493795820,4.6875,0,431a8542-c468-3988-a508-3afd06a218da
1493795880,4.8125,0,431a8542-c468-3988-a508-3afd06a218da
1493795940,4.8125,0,431a8542-c468-3988-a508-3afd06a218da
1493796000,4.6875,0,431a8542-c468-3988-a508-3afd06a218da
1493796060,4.8125,0,431a8542-c468-3988-a508-3afd06a218da
1493796120,4.625,0,431a8542-c468-3988-a508-3afd06a218da
1493796180,4.5,0,431a8542-c468-3988-a508-3afd06a218da
1493796240,4.6875,0,431a8542-c468-3988-a508-3afd06a218da
1493796300,4.625,0,431a8542-c468-3988-a508-3afd06a218da
1493796360,4.5625,0,431a8542-c468-3988-a508-3afd06a218da
1493796420,4.5625,0,431a8542-c468-3988-a508-3afd06a218da
1493796480,4.625,0,431a8542-c468-3988-a508-3afd06a218da
1493796540,4.5,0,431a8542-c468-3988-a508-3afd06a218da
1493796600,4.625,0,431a8542-c468-3988-a508-3afd06a218da
1493796660,4.25,0,431a8542-c468-3988-a508-3afd06a218da
1493796720,4.375,0,431a8542-c468-3988-a508-3afd06a218da
1493796780,4.5,0,431a8542-c468-3988-a508-3afd06a218da
1493796840,4.375,0,431a8542-c468-3988-a508-3afd06a218da
1493796900,4.5625,0,431a8542-c468-3988-a508-3afd06a218da
1493796960,4.3125,0,431a8542-c468-3988-a508-3afd06a218da
1493797020,4.4375,0,431a8542-c468-3988-a508-3afd06a218da
1493797080,4.5625,0,431a8542-c468-3988-a508-3afd06a218da
1493797140,4.3125,0,431a8542-c468-3988-a508-3afd06a218da
1493797200,4.375,0,431a8542-c468-3988-a508-3afd06a218da
1493797260,4.4375,0,431a8542-c468-3988-a508-3afd06a218da
1493797320,4.4375,0,431a8542-c468-3988-a508-3afd06a218da
1493797380,4.25,0,431a8542-c468-3988-a508-3afd06a218da
1493797440,4.125,0,431a8542-c468-3988-a508-3afd06a218da
1493797500,4.0625,0,431a8542-c468-3988-a508-3afd06a218da
1493797560,4.25,0,431a8542-c468-3988-a508-3afd06a218da
1493797620,4.1875,0,431a8542-c468-3988-a508-3afd06a218da
1493797680,4.1875,0,431a8542-c468-3988-a508-3afd06a218da
1493797740,4.125,0,431a8542-c468-3988-a508-3afd06a218da
1493797800,4.25,0,431a8542-c468-3988-a508-3afd06a218da
1493797860,4.125,0,431a8542-c468-3988-a508-3afd06a218da
1493797920,4.0625,0,431a8542-c468-3988-a508-3afd06a218da
1493797980,4.125,0,431a8542-c468-3988-a508-3afd06a218da
1493798040,3.9375,0,431a8542-c468-3988-a508-3afd06a218da
1493798100,4.25,0,431a8542-c468-3988-a508-3afd06a218da
1493798160,4.125,0,431a8542-c468-3988-a508-3afd06a218da
1493798220,4.1875,0,431a8542-c468-3988-a508-3afd06a218da
1493798280,4.25,0,431a8542-c468-3988-a508-3afd06a218da
1493798340,4.0,0,431a8542-c468-3988-a508-3afd06a218da
1493798400,4.25,0,431a8542-c468-3988-a508-3afd06a218da
1493798460,4.4375,0,431a8542-c468-3988-a508-3afd06a218da
1493798520,4.0,0,431a8542-c468-3988-a508-3afd06a218da
1493798580,4.0,0,431a8542-c468-3988-a508-3afd06a218da
1493798640,3.9375,0,431a8542-c468-3988-a508-3afd06a218da
1493798700,4.0625,0,431a8542-c468-3988-a508-3afd06a218da
1493798760,4.0,0,431a8542-c468-3988-a508-3afd06a218da
1493798820,4.0625,0,431a8542-c468-3988-a508-3afd06a218da
1493798880,4.125,0,431a8542-c468-3988-a508-3afd06a218da
1493798940,3.9375,0,431a8542-c468-3988-a508-3afd06a218da
1493799000,3.9375,0,431a8542-c468-3988-a508-3afd06a218da
1493799060,4.0625,0,431a8542-c468-3988-a508-3afd06a218da
1493799120,4.0625,0,431a8542-c468-3988-a508-3afd06a218da
1493799180,4.0625,0,431a8542-c468-3988-a508-3afd06a218da
1493799240,3.9375,0,431a8542-c468-3988-a508-3afd06a218da
1493799300,3.9375,0,431a8542-c468-3988-a508-3afd06a218da
1493799360,3.875,0,431a8542-c468-3988-a508-3afd06a218da
1493799420,3.9375,0,431a8542-c468-3988-a508-3afd06a218da
1493799480,3.9375,0,431a8542-c468-3988-a508-3afd06a218da
1493799540,4.0625,0,431a8542-c468-3988-a508-3afd06a218da
1493799600,3.8125,0,431a8542-c468-3988-a508-3afd06a218da
1493799660,3.8125,0,431a8542-c468-3988-a508-3afd06a218da
1493799720,3.9375,0,431a8542-c468-3988-a508-3afd06a218da
1493799780,3.9375,0,431a8542-c468-3988-a508-3afd06a218da
1493799840,3.9375,0,431a8542-c468-3988-a508-3afd06a218da
1493799900,3.875,0,431a8542-c468-3988-a508-3afd06a218da
1493799960,3.8125,0,431a8542-c468-3988-a508-3afd06a218da
1493800020,4.0,0,431a8542-c468-3988-a508-3afd06a218da
1493800080,3.75,0,431a8542-c468-3988-a508-3afd06a218da
1493800140,3.9375,0,431a8542-c468-3988-a508-3afd06a218da
1493800200,3.875,0,431a8542-c468-3988-a508-3afd06a218da
1493800260,4.0,0,431a8542-c468-3988-a508-3afd06a218da
1493800320,3.875,0,431a8542-c468-3988-a508-3afd06a218da
1493800380,3.875,0,431a8542-c468-3988-a508-3afd06a218da
1493800440,3.875,0,431a8542-c468-3988-a508-3afd06a218da
1493800500,3.875,0,431a8542-c468-3988-a508-3afd06a218da
1493800560,3.875,0,431a8542-c468-3988-a508-3afd06a218da
1493800620,3.9375,0,431a8542-c468-3988-a508-3afd06a218da
1493800680,3.75,0,431a8542-c468-3988-a508-3afd06a218da
1493800740,3.875,0,431a8542-c468-3988-a508-3afd06a218da
1493800800,3.8125,0,431a8542-c468-3988-a508-3afd06a218da
1493800860,3.6875,0,431a8542-c468-3988-a508-3afd06a218da
1493800920,3.75,0,431a8542-c468-3988-a508-3afd06a218da
1493800980,3.625,0,431a8542-c468-3988-a508-3afd06a218da
1493801040,3.9375,0,431a8542-c468-3988-a508-3afd06a218da
1493801100,3.9375,0,431a8542-c468-3988-a508-3afd06a218da
1493801160,3.75,0,431a8542-c468-3988-a508-3afd06a218da
1493801220,3.75,0,431a8542-c468-3988-a508-3afd06a218da
1493801280,3.75,0,431a8542-c468-3988-a508-3afd06a218da
1493801340,3.6875,0,431a8542-c468-3988-a508-3afd06a218da
1493801400,3.6875,0,431a8542-c468-3988-a508-3afd06a218da
1493801460,3.875,0,431a8542-c468-3988-a508-3afd06a218da
1493801520,3.875,0,431a8542-c468-3988-a508-3afd06a218da
1493801580,3.75,0,431a8542-c468-3988-a508-3afd06a218da
1493801640,3.875,0,431a8542-c468-3988-a508-3afd06a218da
1493801700,3.5625,0,431a8542-c468-3988-a508-3afd06a218da
1493801760,3.8125,0,431a8542-c468-3988-a508-3afd06a218da
1493801820,3.8125,0,431a8542-c468-3988-a508-3afd06a218da
1493801880,3.75,0,431a8542-c468-3988-a508-3afd06a218da
1493801940,3.75,0,431a8542-c468-3988-a508-3afd06a218da
1493802000,3.9375,0,431a8542-c468-3988-a508-3afd06a218da
1493802060,3.875,0,431a8542-c468-3988-a508-3afd06a218da
1493802120,3.75,0,431a8542-c468-3988-a508-3afd06a218da
1493802180,3.75,0,431a8542-c468-3988-a508-3afd06a218da
1493802240,3.6875,0,431a8542-c468-3988-a508-3afd06a218da
1493802300,3.5625,0,431a8542-c468-3988-a508-3afd06a218da
1493802360,3.6875,0,431a8542-c468-3988-a508-3afd06a218da
1493802420,3.5625,0,431a8542-c468-3988-a508-3afd06a218da
1493802480,3.875,0,431a8542-c468-3988-a508-3afd06a218da
1493802540,3.5625,0,431a8542-c468-3988-a508-3afd06a218da
1493802600,3.6875,0,431a8542-c468-3988-a508-3afd06a218da
1493802660,3.875,0,431a8542-c468-3988-a508-3afd06a218da
1493802720,3.6875,0,431a8542-c468-3988-a508-3afd06a218da
1493802780,3.6875,0,431a8542-c468-3988-a508-3afd06a218da
1493802840,3.5625,0,431a8542-c468-3988-a508-3afd06a218da
1493802900,3.5625,0,431a8542-c468-3988-a508-3afd06a218da
1493802960,3.625,0,431a8542-c468-3988-a508-3afd06a218da
1493803020,3.875,0,431a8542-c468-3988-a508-3afd06a218da
1493803080,3.5625,0,431a8542-c468-3988-a508-3afd06a218da
1493803140,3.75,0,431a8542-c468-3988-a508-3afd06a218da
1493803200,3.8125,0,431a8542-c468-3988-a508-3afd06a218da
1493803260,3.5625,0,431a8542-c468-3988-a508-3afd06a218da
1493803320,3.9375,0,431a8542-c468-3988-a508-3afd06a218da
1493803380,3.6875,0,431a8542-c468-3988-a508-3afd06a218da
1493803440,3.625,0,431a8542-c468-3988-a508-3afd06a218da
1493803500,3.75,0,431a8542-c468-3988-a508-3afd06a218da
1493803560,3.5,0,431a8542-c468-3988-a508-3afd06a218da
1493803620,3.625,0,431a8542-c468-3988-a508-3afd06a218da
1493803680,3.5625,0,431a8542-c468-3988-a508-3afd06a218da
1493803740,3.625,0,431a8542-c468-3988-a508-3afd06a218da
1493803800,3.625,0,431a8542-c468-3988-a508-3afd06a218da
1493803860,3.625,0,431a8542-c468-3988-a508-3afd06a218da
1493803920,3.6875,0,431a8542-c468-3988-a508-3afd06a218da
1493803980,3.75,0,431a8542-c468-3988-a508-3afd06a218da
1493804040,3.6875,0,431a8542-c468-3988-a508-3afd06a218da
1493804100,3.5625,0,431a8542-c468-3988-a508-3afd06a218da
1493804160,3.625,0,431a8542-c468-3988-a508-3afd06a218da
1493804220,3.75,0,431a8542-c468-3988-a508-3afd06a218da
1493804280,3.625,0,431a8542-c468-3988-a508-3afd06a218da
1493804340,3.875,0,431a8542-c468-3988-a508-3afd06a218da
1493804400,3.625,0,431a8542-c468-3988-a508-3afd06a218da
1493804460,3.5,0,431a8542-c468-3988-a508-3afd06a218da
1493804520,3.625,0,431a8542-c468-3988-a508-3afd06a218da
1493804580,3.5,0,431a8542-c468-3988-a508-3afd06a218da
1493804640,3.625,0,431a8542-c468-3988-a508-3afd06a218da
1493804700,3.6875,0,431a8542-c468-3988-a508-3afd06a218da
1493804760,3.6875,0,431a8542-c468-3988-a508-3afd06a218da
1493804820,3.75,0,431a8542-c468-3988-a508-3afd06a218da
1493804880,3.8125,0,431a8542-c468-3988-a508-3afd06a218da
1493804940,3.6875,0,431a8542-c468-3988-a508-3afd06a218da
1493805000,3.6875,0,431a8542-c468-3988-a508-3afd06a218da
1493805060,3.75,0,431a8542-c468-3988-a508-3afd06a218da
1493805120,3.75,0,431a8542-c468-3988-a508-3afd06a218da
1493805180,3.75,0,431a8542-c468-3988-a508-3afd06a218da
1493805240,3.75,0,431a8542-c468-3988-a508-3afd06a218da
1493805300,3.625,0,431a8542-c468-3988-a508-3afd06a218da
1493805360,3.8125,0,431a8542-c468-3988-a508-3afd06a218da
1493805420,3.5,0,431a8542-c468-3988-a508-3afd06a218da
1493805480,3.6875,0,431a8542-c468-3988-a508-3afd06a218da
1493805540,3.375,0,431a8542-c468-3988-a508-3afd06a218da
1493805600,3.6875,0,431a8542-c468-3988-a508-3afd06a218da
1493805660,3.9375,0,431a8542-c468-3988-a508-3afd06a218da
1493805720,3.875,0,431a8542-c468-3988-a508-3afd06a218da
1493805780,3.6875,0,431a8542-c468-3988-a508-3afd06a218da
1493805840,3.6875,0,431a8542-c468-3988-a508-3afd06a218da
1493805900,3.8125,0,431a8542-c468-3988-a508-3afd06a218da
1493805960,3.6875,0,431a8542-c468-3988-a508-3afd06a218da
1493806020,3.75,0,431a8542-c468-3988-a508-3afd06a218da
1493806080,3.75,0,431a8542-c468-3988-a508-3afd06a218da
1493806140,3.8125,0,431a8542-c468-3988-a508-3afd06a218da
1493806200,3.625,0,431a8542-c468-3988-a508-3afd06a218da
1493806260,3.8125,0,431a8542-c468-3988-a508-3afd06a218da
1493806320,3.8125,0,431a8542-c468-3988-a508-3afd06a218da
1493806380,3.75,0,431a8542-c468-3988-a508-3afd06a218da
1493806440,3.5625,0,431a8542-c468-3988-a508-3afd06a218da
1493806500,3.8125,0,431a8542-c468-3988-a508-3afd06a218da
1493806560,3.875,0,431a8542-c468-3988-a508-3afd06a218da
1493806620,3.625,0,431a8542-c468-3988-a508-3afd06a218da
1493806680,3.6875,0,431a8542-c468-3988-a508-3afd06a218da
1493806740,3.8125,0,431a8542-c468-3988-a508-3afd06a218da
1493806800,3.6875,0,431a8542-c468-3988-a508-3afd06a218da
1493806860,3.6875,0,431a8542-c468-3988-a508-3afd06a218da
1493806920,3.8125,0,431a8542-c468-3988-a508-3afd06a218da
1493806980,3.75,0,431a8542-c468-3988-a508-3afd06a218da
1493807040,3.875,0,431a8542-c468-3988-a508-3afd06a218da
1493807100,3.6875,0,431a8542-c468-3988-a508-3afd06a218da
1493807160,3.8125,0,431a8542-c468-3988-a508-3afd06a218da
1493807220,3.6875,0,431a8542-c468-3988-a508-3afd06a218da
1493807280,3.8125,0,431a8542-c468-3988-a508-3afd06a218da
1493807340,3.8125,0,431a8542-c468-3988-a508-3afd06a218da
1493807400,3.875,0,431a8542-c468-3988-a508-3afd06a218da
1493807460,3.8125,0,431a8542-c468-3988-a508-3afd06a218da
1493807520,4.0625,0,431a8542-c468-3988-a508-3afd06a218da
1493807580,3.9375,0,431a8542-c468-3988-a508-3afd06a218da
1493807640,3.5625,0,431a8542-c468-3988-a508-3afd06a218da
1493807700,3.875,0,431a8542-c468-3988-a508-3afd06a218da
1493807760,3.75,0,431a8542-c468-3988-a508-3afd06a218da
1493807820,3.625,0,431a8542-c468-3988-a508-3afd06a218da
1493807880,3.5625,0,431a8542-c468-3988-a508-3afd06a218da
1493807940,3.875,0,431a8542-c468-3988-a508-3afd06a218da
1493808000,3.75,0,431a8542-c468-3988-a508-3afd06a218da
1493808060,3.5,0,431a8542-c468-3988-a508-3afd06a218da
1493808120,3.625,0,431a8542-c468-3988-a508-3afd06a218da
1493808180,3.75,0,431a8542-c468-3988-a508-3afd06a218da
1493808240,3.75,0,431a8542-c468-3988-a508-3afd06a218da
1493808300,3.6875,0,431a8542-c468-3988-a508-3afd06a218da
1493808360,3.9375,0,431a8542-c468-3988-a508-3afd06a218da
1493808420,3.9375,0,431a8542-c468-3988-a508-3afd06a218da
1493808480,3.625,0,431a8542-c468-3988-a508-3afd06a218da
1493808540,3.75,0,431a8542-c468-3988-a508-3afd06a218da
1493808600,3.875,0,431a8542-c468-3988-a508-3afd06a218da
1493808660,3.8125,0,431a8542-c468-3988-a508-3afd06a218da
1493808720,3.375,0,431a8542-c468-3988-a508-3afd06a218da
1493808780,3.8125,0,431a8542-c468-3988-a508-3afd06a218da
1493808840,3.625,0,431a8542-c468-3988-a508-3afd06a218da
1493808900,3.75,0,431a8542-c468-3988-a508-3afd06a218da
1493808960,3.5625,0,431a8542-c468-3988-a508-3afd06a218da
1493809020,3.6875,0,431a8542-c468-3988-a508-3afd06a218da
1493809080,3.6875,0,431a8542-c468-3988-a508-3afd06a218da
1493809140,3.6875,0,431a8542-c468-3988-a508-3afd06a218da
1493809200,3.875,0,431a8542-c468-3988-a508-3afd06a218da
1493809260,3.9375,0,431a8542-c468-3988-a508-3afd06a218da
1493809320,3.8125,0,431a8542-c468-3988-a508-3afd06a218da
1493809380,3.875,0,431a8542-c468-3988-a508-3afd06a218da
1493809440,3.8125,0,431a8542-c468-3988-a508-3afd06a218da
1493809500,3.6875,0,431a8542-c468-3988-a508-3afd06a218da
1493809560,3.8125,0,431a8542-c468-3988-a508-3afd06a218da
1493809620,3.5,0,431a8542-c468-3988-a508-3afd06a218da
1493809680,3.625,0,431a8542-c468-3988-a508-3afd06a218da
1493809740,3.6875,0,431a8542-c468-3988-a508-3afd06a218da
1493809800,3.5625,0,431a8542-c468-3988-a508-3afd06a218da
1493809860,3.625,0,431a8542-c468-3988-a508-3afd06a218da
1493809920,3.625,0,431a8542-c468-3988-a508-3afd06a218da
1493809980,3.375,0,431a8542-c468-3988-a508-3afd06a218da
1493810040,3.5625,0,431a8542-c468-3988-a508-3afd06a218da
1493810100,3.625,0,431a8542-c468-3988-a508-3afd06a218da
1493810160,3.5,0,431a8542-c468-3988-a508-3afd06a218da
1493810220,3.625,0,431a8542-c468-3988-a508-3afd06a218da
1493810280,3.5625,0,431a8542-c468-3988-a508-3afd06a218da
1493810340,3.375,0,431a8542-c468-3988-a508-3afd06a218da
1493810400,3.6875,0,431a8542-c468-3988-a508-3afd06a218da
1493810460,3.5,0,431a8542-c468-3988-a508-3afd06a218da
1493810520,3.5625,0,431a8542-c468-3988-a508-3afd06a218da
1493810580,3.5,0,431a8542-c468-3988-a508-3afd06a218da
1493810640,3.4375,0,431a8542-c468-3988-a508-3afd06a218da
1493810700,3.375,0,431a8542-c468-3988-a508-3afd06a218da
1493810760,3.5625,0,431a8542-c468-3988-a508-3afd06a218da
1493810820,3.5,0,431a8542-c468-3988-a508-3afd06a218da
1493810880,3.25,0,431a8542-c468-3988-a508-3afd06a218da
1493810940,3.125,0,431a8542-c468-3988-a508-3afd06a218da
1493811000,3.125,0,431a8542-c468-3988-a508-3afd06a218da
1493811060,3.375,0,431a8542-c468-3988-a508-3afd06a218da
1493811120,3.5,0,431a8542-c468-3988-a508-3afd06a218da
1493811180,3.5625,0,431a8542-c468-3988-a508-3afd06a218da
1493811240,3.3125,0,431a8542-c468-3988-a508-3afd06a218da
1493811300,3.46666669846,0,431a8542-c468-3988-a508-3afd06a218da
1493811360,3.3125,0,431a8542-c468-3988-a508-3afd06a218da
1493811420,3.3125,0,431a8542-c468-3988-a508-3afd06a218da
1493811480,3.1875,0,431a8542-c468-3988-a508-3afd06a218da
1493811540,3.125,0,431a8542-c468-3988-a508-3afd06a218da
1493811600,3.25,0,431a8542-c468-3988-a508-3afd06a218da
1493811660,3.5625,0,431a8542-c468-3988-a508-3afd06a218da
1493811720,3.4375,0,431a8542-c468-3988-a508-3afd06a218da
1493811780,3.1875,0,431a8542-c468-3988-a508-3afd06a218da
1493811840,3.125,0,431a8542-c468-3988-a508-3afd06a218da
1493811900,3.3125,0,431a8542-c468-3988-a508-3afd06a218da
1493811960,3.125,0,431a8542-c468-3988-a508-3afd06a218da
1493812020,3.375,0,431a8542-c468-3988-a508-3afd06a218da
1493812080,3.1875,0,431a8542-c468-3988-a508-3afd06a218da
1493812140,3.0625,0,431a8542-c468-3988-a508-3afd06a218da
1493812200,3.0,0,431a8542-c468-3988-a508-3afd06a218da
1493812260,3.1875,0,431a8542-c468-3988-a508-3afd06a218da
1493812320,3.125,0,431a8542-c468-3988-a508-3afd06a218da
1493812380,3.125,0,431a8542-c468-3988-a508-3afd06a218da
1493812440,3.0,0,431a8542-c468-3988-a508-3afd06a218da
1493812500,3.0,0,431a8542-c468-3988-a508-3afd06a218da
1493812560,3.0,0,431a8542-c468-3988-a508-3afd06a218da
1493812620,3.0666666030900003,0,431a8542-c468-3988-a508-3afd06a218da
1493812860,3.0,0,431a8542-c468-3988-a508-3afd06a218da
1493812920,3.0,0,431a8542-c468-3988-a508-3afd06a218da
1493812980,3.0625,0,431a8542-c468-3988-a508-3afd06a218da
1493813040,3.0,0,431a8542-c468-3988-a508-3afd06a218da
1493813100,2.9375,0,431a8542-c468-3988-a508-3afd06a218da
1493813160,3.125,0,431a8542-c468-3988-a508-3afd06a218da
1493813220,3.0625,0,431a8542-c468-3988-a508-3afd06a218da
1493813280,3.0,0,431a8542-c468-3988-a508-3afd06a218da
1493813340,3.0625,0,431a8542-c468-3988-a508-3afd06a218da
1493813400,3.0,0,431a8542-c468-3988-a508-3afd06a218da
1493813460,3.0,0,431a8542-c468-3988-a508-3afd06a218da
1493813520,3.0,0,431a8542-c468-3988-a508-3afd06a218da
1493813580,3.0,0,431a8542-c468-3988-a508-3afd06a218da
1493813640,3.0625,0,431a8542-c468-3988-a508-3afd06a218da
1493813700,2.9375,0,431a8542-c468-3988-a508-3afd06a218da
1493813760,3.0625,0,431a8542-c468-3988-a508-3afd06a218da
1493813820,3.0,0,431a8542-c468-3988-a508-3afd06a218da
1493813880,3.0,0,431a8542-c468-3988-a508-3afd06a218da
1493813940,2.9375,0,431a8542-c468-3988-a508-3afd06a218da
1493814000,3.0,0,431a8542-c468-3988-a508-3afd06a218da
1493814060,2.9375,0,431a8542-c468-3988-a508-3afd06a218da
1493814120,2.875,0,431a8542-c468-3988-a508-3afd06a218da
1493814180,2.9375,0,431a8542-c468-3988-a508-3afd06a218da
1493814240,2.9375,0,431a8542-c468-3988-a508-3afd06a218da
1493814300,2.9375,0,431a8542-c468-3988-a508-3afd06a218da
1493814360,2.9375,0,431a8542-c468-3988-a508-3afd06a218da
1493814420,2.9375,0,431a8542-c468-3988-a508-3afd06a218da
1493814480,3.0,0,431a8542-c468-3988-a508-3afd06a218da
1493814540,2.875,0,431a8542-c468-3988-a508-3afd06a218da
1493814600,3.0,0,431a8542-c468-3988-a508-3afd06a218da
1493814660,3.0,0,431a8542-c468-3988-a508-3afd06a218da
1493814720,3.0,0,431a8542-c468-3988-a508-3afd06a218da
1493814780,3.0625,0,431a8542-c468-3988-a508-3afd06a218da
1493814840,3.0,0,431a8542-c468-3988-a508-3afd06a218da
1493814900,2.875,0,431a8542-c468-3988-a508-3afd06a218da
1493814960,2.8125,0,431a8542-c468-3988-a508-3afd06a218da
1493815020,2.75,0,431a8542-c468-3988-a508-3afd06a218da
1493815080,2.875,0,431a8542-c468-3988-a508-3afd06a218da
1493815140,2.875,0,431a8542-c468-3988-a508-3afd06a218da
1493815200,2.875,0,431a8542-c468-3988-a508-3afd06a218da
1493815260,2.9375,0,431a8542-c468-3988-a508-3afd06a218da
1493815320,2.9375,0,431a8542-c468-3988-a508-3afd06a218da
1493815380,2.875,0,431a8542-c468-3988-a508-3afd06a218da
1493815440,2.9375,0,431a8542-c468-3988-a508-3afd06a218da
1493815500,2.9375,0,431a8542-c468-3988-a508-3afd06a218da
1493815560,2.6875,0,431a8542-c468-3988-a508-3afd06a218da
1493815620,2.9375,0,431a8542-c468-3988-a508-3afd06a218da
1493815680,2.6875,0,431a8542-c468-3988-a508-3afd06a218da
1493815740,2.5625,0,431a8542-c468-3988-a508-3afd06a218da
1493815800,2.6875,0,431a8542-c468-3988-a508-3afd06a218da
1493815860,2.6875,0,431a8542-c468-3988-a508-3afd06a218da
1493815920,2.8125,0,431a8542-c468-3988-a508-3afd06a218da
1493815980,2.6875,0,431a8542-c468-3988-a508-3afd06a218da
1493816040,2.75,0,431a8542-c468-3988-a508-3afd06a218da
1493816100,2.5625,0,431a8542-c468-3988-a508-3afd06a218da
1493816160,2.75,0,431a8542-c468-3988-a508-3afd06a218da
1493816220,2.6875,0,431a8542-c468-3988-a508-3afd06a218da
1493816280,2.625,0,431a8542-c468-3988-a508-3afd06a218da
1493816340,2.8125,0,431a8542-c468-3988-a508-3afd06a218da
1493816400,2.5625,0,431a8542-c468-3988-a508-3afd06a218da
1493816460,2.6875,0,431a8542-c468-3988-a508-3afd06a218da
1493816520,2.625,0,431a8542-c468-3988-a508-3afd06a218da
1493816580,2.8125,0,431a8542-c468-3988-a508-3afd06a218da
1493816640,2.875,0,431a8542-c468-3988-a508-3afd06a218da
1493816700,2.5625,0,431a8542-c468-3988-a508-3afd06a218da
1493816760,2.6875,0,431a8542-c468-3988-a508-3afd06a218da
1493816820,2.5625,0,431a8542-c468-3988-a508-3afd06a218da
1493816880,2.375,0,431a8542-c468-3988-a508-3afd06a218da
1493816940,2.75,0,431a8542-c468-3988-a508-3afd06a218da
1493817000,2.4375,0,431a8542-c468-3988-a508-3afd06a218da
1493817060,2.625,0,431a8542-c468-3988-a508-3afd06a218da
1493817120,2.3125,0,431a8542-c468-3988-a508-3afd06a218da
1493817180,2.1875,0,431a8542-c468-3988-a508-3afd06a218da
1493817240,2.75,0,431a8542-c468-3988-a508-3afd06a218da
1493817300,2.75,0,431a8542-c468-3988-a508-3afd06a218da
1493817360,2.5,0,431a8542-c468-3988-a508-3afd06a218da
1493817420,2.375,0,431a8542-c468-3988-a508-3afd06a218da
1493817480,2.5625,0,431a8542-c468-3988-a508-3afd06a218da
1493817540,2.375,0,431a8542-c468-3988-a508-3afd06a218da
1493817600,2.5,0,431a8542-c468-3988-a508-3afd06a218da
1493817660,2.4375,0,431a8542-c468-3988-a508-3afd06a218da
1493817720,2.375,0,431a8542-c468-3988-a508-3afd06a218da
1493817780,2.375,0,431a8542-c468-3988-a508-3afd06a218da
1493817840,2.3125,0,431a8542-c468-3988-a508-3afd06a218da
1493817900,2.125,0,431a8542-c468-3988-a508-3afd06a218da
1493817960,2.1875,0,431a8542-c468-3988-a508-3afd06a218da
1493818020,2.5625,0,431a8542-c468-3988-a508-3afd06a218da
1493818080,2.25,0,431a8542-c468-3988-a508-3afd06a218da
1493818140,2.25,0,431a8542-c468-3988-a508-3afd06a218da
1493818200,2.0625,0,431a8542-c468-3988-a508-3afd06a218da
1493818260,2.3125,0,431a8542-c468-3988-a508-3afd06a218da
1493818320,2.25,0,431a8542-c468-3988-a508-3afd06a218da
1493818380,2.5,0,431a8542-c468-3988-a508-3afd06a218da
1493818440,2.375,0,431a8542-c468-3988-a508-3afd06a218da
1493818500,2.3125,0,431a8542-c468-3988-a508-3afd06a218da
1493818560,2.3125,0,431a8542-c468-3988-a508-3afd06a218da
1493818620,2.0625,0,431a8542-c468-3988-a508-3afd06a218da
1493818680,2.25,0,431a8542-c468-3988-a508-3afd06a218da
1493818740,2.25,0,431a8542-c468-3988-a508-3afd06a218da
1493818800,2.0625,0,431a8542-c468-3988-a508-3afd06a218da
1493818860,2.25,0,431a8542-c468-3988-a508-3afd06a218da
1493818920,2.0625,0,431a8542-c468-3988-a508-3afd06a218da
1493818980,2.1875,0,431a8542-c468-3988-a508-3afd06a218da
1493819040,2.25,0,431a8542-c468-3988-a508-3afd06a218da
1493819100,2.125,0,431a8542-c468-3988-a508-3afd06a218da
1493819160,2.0625,0,431a8542-c468-3988-a508-3afd06a218da
1493819220,2.25,0,431a8542-c468-3988-a508-3afd06a218da
1493819280,2.1875,0,431a8542-c468-3988-a508-3afd06a218da
1493819340,2.1875,0,431a8542-c468-3988-a508-3afd06a218da
1493819400,2.125,0,431a8542-c468-3988-a508-3afd06a218da
1493819460,2.3125,0,431a8542-c468-3988-a508-3afd06a218da
1493819520,2.25,0,431a8542-c468-3988-a508-3afd06a218da
1493819580,2.25,0,431a8542-c468-3988-a508-3afd06a218da
1493819640,2.1875,0,431a8542-c468-3988-a508-3afd06a218da
1493819700,2.1875,0,431a8542-c468-3988-a508-3afd06a218da
1493819760,2.125,0,431a8542-c468-3988-a508-3afd06a218da
1493819820,2.125,0,431a8542-c468-3988-a508-3afd06a218da
1493819880,2.0625,0,431a8542-c468-3988-a508-3afd06a218da
1493819940,2.125,0,431a8542-c468-3988-a508-3afd06a218da
1493820000,2.0625,0,431a8542-c468-3988-a508-3afd06a218da
1493820060,2.1875,0,431a8542-c468-3988-a508-3afd06a218da
1493820120,2.0,0,431a8542-c468-3988-a508-3afd06a218da
1493820180,2.1875,0,431a8542-c468-3988-a508-3afd06a218da
1493820240,2.0,0,431a8542-c468-3988-a508-3afd06a218da
1493820300,2.125,0,431a8542-c468-3988-a508-3afd06a218da
1493820360,2.375,0,431a8542-c468-3988-a508-3afd06a218da
1493820420,2.125,0,431a8542-c468-3988-a508-3afd06a218da
1493820480,2.3125,0,431a8542-c468-3988-a508-3afd06a218da
1493820540,2.125,0,431a8542-c468-3988-a508-3afd06a218da
1493820600,2.3125,0,431a8542-c468-3988-a508-3afd06a218da
1493820660,2.0,0,431a8542-c468-3988-a508-3afd06a218da
1493820720,2.0625,0,431a8542-c468-3988-a508-3afd06a218da
1493820780,2.25,0,431a8542-c468-3988-a508-3afd06a218da
1493820840,2.1875,0,431a8542-c468-3988-a508-3afd06a218da
1493820900,2.25,0,431a8542-c468-3988-a508-3afd06a218da
1493820960,2.1875,0,431a8542-c468-3988-a508-3afd06a218da
1493821020,2.1875,0,431a8542-c468-3988-a508-3afd06a218da
1493821080,2.0625,0,431a8542-c468-3988-a508-3afd06a218da
1493821140,2.375,0,431a8542-c468-3988-a508-3afd06a218da
1493821200,2.3125,0,431a8542-c468-3988-a508-3afd06a218da
1493821260,2.0,0,431a8542-c468-3988-a508-3afd06a218da
1493821320,2.3125,0,431a8542-c468-3988-a508-3afd06a218da
1493821380,2.4375,0,431a8542-c468-3988-a508-3afd06a218da
1493821440,2.25,0,431a8542-c468-3988-a508-3afd06a218da
1493821500,2.3125,0,431a8542-c468-3988-a508-3afd06a218da
1493821560,2.5,0,431a8542-c468-3988-a508-3afd06a218da
1493821620,2.0625,0,431a8542-c468-3988-a508-3afd06a218da
1493821680,2.3125,0,431a8542-c468-3988-a508-3afd06a218da
1493821740,2.375,0,431a8542-c468-3988-a508-3afd06a218da
1493821800,2.0625,0,431a8542-c468-3988-a508-3afd06a218da
1493821860,2.625,0,431a8542-c468-3988-a508-3afd06a218da
1493821920,2.4375,0,431a8542-c468-3988-a508-3afd06a218da
1493821980,2.25,0,431a8542-c468-3988-a508-3afd06a218da
1493822040,2.125,0,431a8542-c468-3988-a508-3afd06a218da
1493822100,2.3125,0,431a8542-c468-3988-a508-3afd06a218da
1493822160,2.0625,0,431a8542-c468-3988-a508-3afd06a218da
1493822220,2.1875,0,431a8542-c468-3988-a508-3afd06a218da
1493822280,2.1875,0,431a8542-c468-3988-a508-3afd06a218da
1493822340,2.1875,0,431a8542-c468-3988-a508-3afd06a218da
1493822400,2.4375,0,431a8542-c468-3988-a508-3afd06a218da
1493822460,2.5,0,431a8542-c468-3988-a508-3afd06a218da
1493822520,2.625,0,431a8542-c468-3988-a508-3afd06a218da
1493822580,2.6875,0,431a8542-c468-3988-a508-3afd06a218da
1493822640,2.5625,0,431a8542-c468-3988-a508-3afd06a218da
1493822700,2.375,0,431a8542-c468-3988-a508-3afd06a218da
1493822760,2.625,0,431a8542-c468-3988-a508-3afd06a218da
1493822820,2.5625,0,431a8542-c468-3988-a508-3afd06a218da
1493822880,2.5,0,431a8542-c468-3988-a508-3afd06a218da
1493822940,2.5,0,431a8542-c468-3988-a508-3afd06a218da
1493823000,2.75,0,431a8542-c468-3988-a508-3afd06a218da
1493823060,2.5,0,431a8542-c468-3988-a508-3afd06a218da
1493823120,2.625,0,431a8542-c468-3988-a508-3afd06a218da
1493823180,2.375,0,431a8542-c468-3988-a508-3afd06a218da
1493823240,2.3125,0,431a8542-c468-3988-a508-3afd06a218da
1493823300,2.6875,0,431a8542-c468-3988-a508-3afd06a218da
1493823360,2.75,0,431a8542-c468-3988-a508-3afd06a218da
1493823420,2.625,0,431a8542-c468-3988-a508-3afd06a218da
1493823480,2.5625,0,431a8542-c468-3988-a508-3afd06a218da
1493823540,2.5625,0,431a8542-c468-3988-a508-3afd06a218da
1493823600,2.5625,0,431a8542-c468-3988-a508-3afd06a218da
1493823660,2.5625,0,431a8542-c468-3988-a508-3afd06a218da
1493823720,2.3125,0,431a8542-c468-3988-a508-3afd06a218da
1493823780,2.4375,0,431a8542-c468-3988-a508-3afd06a218da
1493823840,2.6875,0,431a8542-c468-3988-a508-3afd06a218da
1493823900,2.6875,0,431a8542-c468-3988-a508-3afd06a218da
1493823960,2.75,0,431a8542-c468-3988-a508-3afd06a218da
1493824020,2.8125,0,431a8542-c468-3988-a508-3afd06a218da
1493824080,2.8125,0,431a8542-c468-3988-a508-3afd06a218da
1493824140,2.875,0,431a8542-c468-3988-a508-3afd06a218da
1493824200,2.875,0,431a8542-c468-3988-a508-3afd06a218da
1493824260,2.5625,0,431a8542-c468-3988-a508-3afd06a218da
1493824320,2.9375,0,431a8542-c468-3988-a508-3afd06a218da
1493824380,2.8125,0,431a8542-c468-3988-a508-3afd06a218da
1493824440,2.8125,0,431a8542-c468-3988-a508-3afd06a218da
1493824500,2.875,0,431a8542-c468-3988-a508-3afd06a218da
1493824560,2.6875,0,431a8542-c468-3988-a508-3afd06a218da
1493824620,2.75,0,431a8542-c468-3988-a508-3afd06a218da
1493824680,2.8125,0,431a8542-c468-3988-a508-3afd06a218da
1493824740,2.75,0,431a8542-c468-3988-a508-3afd06a218da
1493824800,3.0,0,431a8542-c468-3988-a508-3afd06a218da
1493824860,2.8125,0,431a8542-c468-3988-a508-3afd06a218da
1493824920,2.75,0,431a8542-c468-3988-a508-3afd06a218da
1493824980,2.9375,0,431a8542-c468-3988-a508-3afd06a218da
1493825040,2.875,0,431a8542-c468-3988-a508-3afd06a218da
1493825100,3.0,0,431a8542-c468-3988-a508-3afd06a218da
1493825160,3.0,0,431a8542-c468-3988-a508-3afd06a218da
1493825220,2.5,0,431a8542-c468-3988-a508-3afd06a218da
1493825280,2.875,0,431a8542-c468-3988-a508-3afd06a218da
1493825340,3.0,0,431a8542-c468-3988-a508-3afd06a218da
1493825400,2.9375,0,431a8542-c468-3988-a508-3afd06a218da
1493825460,2.9375,0,431a8542-c468-3988-a508-3afd06a218da
1493825520,3.0,0,431a8542-c468-3988-a508-3afd06a218da
1493825580,3.0,0,431a8542-c468-3988-a508-3afd06a218da
1493825640,2.9375,0,431a8542-c468-3988-a508-3afd06a218da
1493825700,3.0,0,431a8542-c468-3988-a508-3afd06a218da
1493825760,2.875,0,431a8542-c468-3988-a508-3afd06a218da
1493825820,2.9375,0,431a8542-c468-3988-a508-3afd06a218da
1493825880,2.9375,0,431a8542-c468-3988-a508-3afd06a218da
1493825940,3.0,0,431a8542-c468-3988-a508-3afd06a218da
1493826000,3.0,0,431a8542-c468-3988-a508-3afd06a218da
1493826060,3.0,0,431a8542-c468-3988-a508-3afd06a218da
1493826120,3.0,0,431a8542-c468-3988-a508-3afd06a218da
1493826180,3.0,0,431a8542-c468-3988-a508-3afd06a218da
1493826240,2.9375,0,431a8542-c468-3988-a508-3afd06a218da
1493826300,3.1875,0,431a8542-c468-3988-a508-3afd06a218da
1493826360,3.0,0,431a8542-c468-3988-a508-3afd06a218da
1493826420,3.0625,0,431a8542-c468-3988-a508-3afd06a218da
1493826480,3.0625,0,431a8542-c468-3988-a508-3afd06a218da
1493826540,3.0,0,431a8542-c468-3988-a508-3afd06a218da
1493826600,3.0625,0,431a8542-c468-3988-a508-3afd06a218da
1493826660,3.0,0,431a8542-c468-3988-a508-3afd06a218da
1493826720,3.0625,0,431a8542-c468-3988-a508-3afd06a218da
1493826780,3.0,0,431a8542-c468-3988-a508-3afd06a218da
1493826840,3.0,0,431a8542-c468-3988-a508-3afd06a218da
1493826900,3.0625,0,431a8542-c468-3988-a508-3afd06a218da
1493826960,3.0,0,431a8542-c468-3988-a508-3afd06a218da
1493827020,3.0,0,431a8542-c468-3988-a508-3afd06a218da
1493827080,3.0,0,431a8542-c468-3988-a508-3afd06a218da
1493827140,2.9375,0,431a8542-c468-3988-a508-3afd06a218da
1493827200,3.0,0,431a8542-c468-3988-a508-3afd06a218da
1493827260,3.0,0,431a8542-c468-3988-a508-3afd06a218da
1493827320,3.0625,0,431a8542-c468-3988-a508-3afd06a218da
1493827380,3.0,0,431a8542-c468-3988-a508-3afd06a218da
1493827440,3.0,0,431a8542-c468-3988-a508-3afd06a218da
1493827500,3.0,0,431a8542-c468-3988-a508-3afd06a218da
1493827560,3.0,0,431a8542-c468-3988-a508-3afd06a218da
1493827620,3.0,0,431a8542-c468-3988-a508-3afd06a218da
1493827680,3.0,0,431a8542-c468-3988-a508-3afd06a218da
1493827740,3.0,0,431a8542-c468-3988-a508-3afd06a218da
1493827800,3.0,0,431a8542-c468-3988-a508-3afd06a218da
1493827860,3.0,0,431a8542-c468-3988-a508-3afd06a218da
1493827920,3.0,0,431a8542-c468-3988-a508-3afd06a218da
1493827980,3.0,0,431a8542-c468-3988-a508-3afd06a218da
1493828040,3.0,0,431a8542-c468-3988-a508-3afd06a218da
1493828100,3.0,0,431a8542-c468-3988-a508-3afd06a218da
1493828160,3.0625,0,431a8542-c468-3988-a508-3afd06a218da
1493828220,3.0,0,431a8542-c468-3988-a508-3afd06a218da
1493828280,3.0,0,431a8542-c468-3988-a508-3afd06a218da
1493828340,3.0,0,431a8542-c468-3988-a508-3afd06a218da
1493828400,3.0,0,431a8542-c468-3988-a508-3afd06a218da
1493828460,3.0625,0,431a8542-c468-3988-a508-3afd06a218da
1493828520,3.0,0,431a8542-c468-3988-a508-3afd06a218da
1493828580,3.0,0,431a8542-c468-3988-a508-3afd06a218da
1493828640,3.0,0,431a8542-c468-3988-a508-3afd06a218da
1493828700,3.0,0,431a8542-c468-3988-a508-3afd06a218da
1493828760,3.0,0,431a8542-c468-3988-a508-3afd06a218da
1493828820,3.0,0,431a8542-c468-3988-a508-3afd06a218da
1493828880,3.0,0,431a8542-c468-3988-a508-3afd06a218da
1493828940,3.0,0,431a8542-c468-3988-a508-3afd06a218da
1493829000,3.0625,0,431a8542-c468-3988-a508-3afd06a218da
1493829060,2.9375,0,431a8542-c468-3988-a508-3afd06a218da
1493829120,3.0,0,431a8542-c468-3988-a508-3afd06a218da
1493829180,3.0,0,431a8542-c468-3988-a508-3afd06a218da
1493829240,3.0,0,431a8542-c468-3988-a508-3afd06a218da
1493829300,3.0,0,431a8542-c468-3988-a508-3afd06a218da
1493829360,3.0,0,431a8542-c468-3988-a508-3afd06a218da
1493829420,3.0,0,431a8542-c468-3988-a508-3afd06a218da
1493829480,2.875,0,431a8542-c468-3988-a508-3afd06a218da
1493829540,3.0,0,431a8542-c468-3988-a508-3afd06a218da
1493829600,3.0625,0,431a8542-c468-3988-a508-3afd06a218da
1493829660,3.0625,0,431a8542-c468-3988-a508-3afd06a218da
1493829720,3.0,0,431a8542-c468-3988-a508-3afd06a218da
1493829780,3.0,0,431a8542-c468-3988-a508-3afd06a218da
1493829840,3.0,0,431a8542-c468-3988-a508-3afd06a218da
1493829900,2.9375,0,431a8542-c468-3988-a508-3afd06a218da
1493829960,3.0,0,431a8542-c468-3988-a508-3afd06a218da
1493830020,3.0,0,431a8542-c468-3988-a508-3afd06a218da
1493830080,3.0,0,431a8542-c468-3988-a508-3afd06a218da
1493830140,3.0,0,431a8542-c468-3988-a508-3afd06a218da
1493830200,3.0,0,431a8542-c468-3988-a508-3afd06a218da
1493830260,3.0,0,431a8542-c468-3988-a508-3afd06a218da
1493830320,3.0,0,431a8542-c468-3988-a508-3afd06a218da
1493830380,3.0,0,431a8542-c468-3988-a508-3afd06a218da
1493830440,3.0,0,431a8542-c468-3988-a508-3afd06a218da
1493830500,3.0,0,431a8542-c468-3988-a508-3afd06a218da
1493830560,3.0,0,431a8542-c468-3988-a508-3afd06a218da
1493830620,3.0,0,431a8542-c468-3988-a508-3afd06a218da
1493830680,3.0625,0,431a8542-c468-3988-a508-3afd06a218da
1493830740,3.0,0,431a8542-c468-3988-a508-3afd06a218da
1493830800,3.0,0,431a8542-c468-3988-a508-3afd06a218da
1493830860,3.0,0,431a8542-c468-3988-a508-3afd06a218da
1493830920,3.0,0,431a8542-c468-3988-a508-3afd06a218da
1493830980,3.0,0,431a8542-c468-3988-a508-3afd06a218da
1493831040,3.0,0,431a8542-c468-3988-a508-3afd06a218da
1493831100,3.0,0,431a8542-c468-3988-a508-3afd06a218da
1493831160,3.0,0,431a8542-c468-3988-a508-3afd06a218da
1493831220,3.0,0,431a8542-c468-3988-a508-3afd06a218da
1493831280,3.0,0,431a8542-c468-3988-a508-3afd06a218da
1493831340,3.0625,0,431a8542-c468-3988-a508-3afd06a218da
1493831400,3.0625,0,431a8542-c468-3988-a508-3afd06a218da
1493831460,3.0,0,431a8542-c468-3988-a508-3afd06a218da
1493831520,2.9375,0,431a8542-c468-3988-a508-3afd06a218da
1493831580,3.0,0,431a8542-c468-3988-a508-3afd06a218da
1493831640,3.0,0,431a8542-c468-3988-a508-3afd06a218da
1493831700,3.0625,0,431a8542-c468-3988-a508-3afd06a218da
1493831760,3.0,0,431a8542-c468-3988-a508-3afd06a218da
1493831820,3.0,0,431a8542-c468-3988-a508-3afd06a218da
1493831880,3.0,0,431a8542-c468-3988-a508-3afd06a218da
1493831940,3.0625,0,431a8542-c468-3988-a508-3afd06a218da
1493832000,3.0,0,431a8542-c468-3988-a508-3afd06a218da
1493832060,3.0,0,431a8542-c468-3988-a508-3afd06a218da
1493832120,3.0,0,431a8542-c468-3988-a508-3afd06a218da
1493832180,3.125,0,431a8542-c468-3988-a508-3afd06a218da
1493832240,3.1875,0,431a8542-c468-3988-a508-3afd06a218da
1493832300,3.1875,0,431a8542-c468-3988-a508-3afd06a218da
1493832360,3.0625,0,431a8542-c468-3988-a508-3afd06a218da
1493832420,3.125,0,431a8542-c468-3988-a508-3afd06a218da
1493832480,3.0,0,431a8542-c468-3988-a508-3afd06a218da
1493832540,3.1875,0,431a8542-c468-3988-a508-3afd06a218da
1493832600,3.0625,0,431a8542-c468-3988-a508-3afd06a218da
1493832660,3.0,0,431a8542-c468-3988-a508-3afd06a218da
1493832720,3.0625,0,431a8542-c468-3988-a508-3afd06a218da
1493832780,3.0625,0,431a8542-c468-3988-a508-3afd06a218da
1493832840,3.0625,0,431a8542-c468-3988-a508-3afd06a218da
1493832900,3.125,0,431a8542-c468-3988-a508-3afd06a218da
1493832960,3.125,0,431a8542-c468-3988-a508-3afd06a218da
1493833020,3.1875,0,431a8542-c468-3988-a508-3afd06a218da
1493833080,3.3125,0,431a8542-c468-3988-a508-3afd06a218da
1493833140,3.25,0,431a8542-c468-3988-a508-3afd06a218da
1493833200,3.0625,0,431a8542-c468-3988-a508-3afd06a218da
1493833260,3.1875,0,431a8542-c468-3988-a508-3afd06a218da
1493833320,3.1875,0,431a8542-c468-3988-a508-3afd06a218da
1493833380,3.125,0,431a8542-c468-3988-a508-3afd06a218da
1493833440,3.125,0,431a8542-c468-3988-a508-3afd06a218da
1493833500,3.125,0,431a8542-c468-3988-a508-3afd06a218da
1493833560,3.3125,0,431a8542-c468-3988-a508-3afd06a218da
1493833620,3.375,0,431a8542-c468-3988-a508-3afd06a218da
1493833680,3.125,0,431a8542-c468-3988-a508-3afd06a218da
1493833740,3.5,0,431a8542-c468-3988-a508-3afd06a218da
1493833800,3.3125,0,431a8542-c468-3988-a508-3afd06a218da
1493833860,3.25,0,431a8542-c468-3988-a508-3afd06a218da
1493833920,3.125,0,431a8542-c468-3988-a508-3afd06a218da
1493833980,3.1875,0,431a8542-c468-3988-a508-3afd06a218da
1493834040,3.375,0,431a8542-c468-3988-a508-3afd06a218da
1493834100,3.4375,0,431a8542-c468-3988-a508-3afd06a218da
1493834160,3.25,0,431a8542-c468-3988-a508-3afd06a218da
1493834220,3.25,0,431a8542-c468-3988-a508-3afd06a218da
1493834280,3.1875,0,431a8542-c468-3988-a508-3afd06a218da
1493834340,3.125,0,431a8542-c468-3988-a508-3afd06a218da
1493834400,3.4375,0,431a8542-c468-3988-a508-3afd06a218da
1493834460,3.5625,0,431a8542-c468-3988-a508-3afd06a218da
1493834520,3.25,0,431a8542-c468-3988-a508-3afd06a218da
1493834580,3.25,0,431a8542-c468-3988-a508-3afd06a218da
1493834640,3.375,0,431a8542-c468-3988-a508-3afd06a218da
1493834700,3.1875,0,431a8542-c468-3988-a508-3afd06a218da
1493834760,3.1875,0,431a8542-c468-3988-a508-3afd06a218da
1493834820,3.3125,0,431a8542-c468-3988-a508-3afd06a218da
1493834880,3.4375,0,431a8542-c468-3988-a508-3afd06a218da
1493834940,3.375,0,431a8542-c468-3988-a508-3afd06a218da
1493835000,3.4375,0,431a8542-c468-3988-a508-3afd06a218da
1493835060,3.375,0,431a8542-c468-3988-a508-3afd06a218da
1493835120,3.5,0,431a8542-c468-3988-a508-3afd06a218da
1493835180,3.4375,0,431a8542-c468-3988-a508-3afd06a218da
1493835240,3.25,0,431a8542-c468-3988-a508-3afd06a218da
1493835300,3.625,0,431a8542-c468-3988-a508-3afd06a218da
1493835360,3.3125,0,431a8542-c468-3988-a508-3afd06a218da
1493835420,3.25,0,431a8542-c468-3988-a508-3afd06a218da
1493835480,3.5625,0,431a8542-c468-3988-a508-3afd06a218da
1493835540,3.1875,0,431a8542-c468-3988-a508-3afd06a218da
1493835600,3.3125,0,431a8542-c468-3988-a508-3afd06a218da
1493835660,3.5,0,431a8542-c468-3988-a508-3afd06a218da
1493835720,3.1875,0,431a8542-c468-3988-a508-3afd06a218da
1493835780,3.375,0,431a8542-c468-3988-a508-3afd06a218da
1493835840,3.4375,0,431a8542-c468-3988-a508-3afd06a218da
1493835900,3.375,0,431a8542-c468-3988-a508-3afd06a218da
1493835960,3.6875,0,431a8542-c468-3988-a508-3afd06a218da
1493836020,3.5625,0,431a8542-c468-3988-a508-3afd06a218da
1493836080,3.375,0,431a8542-c468-3988-a508-3afd06a218da
1493836140,3.5,0,431a8542-c468-3988-a508-3afd06a218da
1493836200,3.375,0,431a8542-c468-3988-a508-3afd06a218da
1493836260,3.3125,0,431a8542-c468-3988-a508-3afd06a218da
1493836320,3.5,0,431a8542-c468-3988-a508-3afd06a218da
1493836380,3.5,0,431a8542-c468-3988-a508-3afd06a218da
1493836440,3.375,0,431a8542-c468-3988-a508-3afd06a218da
1493836500,3.6875,0,431a8542-c468-3988-a508-3afd06a218da
1493836560,3.6875,0,431a8542-c468-3988-a508-3afd06a218da
1493836620,3.4375,0,431a8542-c468-3988-a508-3afd06a218da
1493836680,3.75,0,431a8542-c468-3988-a508-3afd06a218da
1493836740,3.5625,0,431a8542-c468-3988-a508-3afd06a218da
1493836800,3.625,0,431a8542-c468-3988-a508-3afd06a218da
1493836860,3.8125,0,431a8542-c468-3988-a508-3afd06a218da
1493836920,3.5625,0,431a8542-c468-3988-a508-3afd06a218da
1493836980,3.625,0,431a8542-c468-3988-a508-3afd06a218da
1493837040,3.5625,0,431a8542-c468-3988-a508-3afd06a218da
1493837100,3.5625,0,431a8542-c468-3988-a508-3afd06a218da
1493837160,3.75,0,431a8542-c468-3988-a508-3afd06a218da
1493837220,3.375,0,431a8542-c468-3988-a508-3afd06a218da
1493837280,3.5,0,431a8542-c468-3988-a508-3afd06a218da
1493837340,3.625,0,431a8542-c468-3988-a508-3afd06a218da
1493837400,3.4375,0,431a8542-c468-3988-a508-3afd06a218da
1493837460,3.75,0,431a8542-c468-3988-a508-3afd06a218da
1493837520,3.75,0,431a8542-c468-3988-a508-3afd06a218da
1493837580,3.6875,0,431a8542-c468-3988-a508-3afd06a218da
1493837640,3.8125,0,431a8542-c468-3988-a508-3afd06a218da
1493837700,3.75,0,431a8542-c468-3988-a508-3afd06a218da
1493837760,3.5625,0,431a8542-c468-3988-a508-3afd06a218da
1493837820,3.6875,0,431a8542-c468-3988-a508-3afd06a218da
1493837880,3.8125,0,431a8542-c468-3988-a508-3afd06a218da
1493837940,3.75,0,431a8542-c468-3988-a508-3afd06a218da
1493838000,3.875,0,431a8542-c468-3988-a508-3afd06a218da
1493838060,3.75,0,431a8542-c468-3988-a508-3afd06a218da
1493838120,3.625,0,431a8542-c468-3988-a508-3afd06a218da
1493838180,3.8125,0,431a8542-c468-3988-a508-3afd06a218da
1493838240,3.625,0,431a8542-c468-3988-a508-3afd06a218da
1493838300,3.4375,0,431a8542-c468-3988-a508-3afd06a218da
1493838360,3.6875,0,431a8542-c468-3988-a508-3afd06a218da
1493838420,3.75,0,431a8542-c468-3988-a508-3afd06a218da
1493838480,3.6875,0,431a8542-c468-3988-a508-3afd06a218da
1493838540,3.8125,0,431a8542-c468-3988-a508-3afd06a218da
1493838600,3.8125,0,431a8542-c468-3988-a508-3afd06a218da
1493838660,3.875,0,431a8542-c468-3988-a508-3afd06a218da
1493838720,3.875,0,431a8542-c468-3988-a508-3afd06a218da
1493838780,3.5625,0,431a8542-c468-3988-a508-3afd06a218da
1493838840,3.8125,0,431a8542-c468-3988-a508-3afd06a218da
1493838900,3.8125,0,431a8542-c468-3988-a508-3afd06a218da
1493838960,3.8125,0,431a8542-c468-3988-a508-3afd06a218da
1493839020,3.875,0,431a8542-c468-3988-a508-3afd06a218da
1493839080,3.75,0,431a8542-c468-3988-a508-3afd06a218da
1493839140,3.6875,0,431a8542-c468-3988-a508-3afd06a218da
1493839200,3.9375,0,431a8542-c468-3988-a508-3afd06a218da
1493839260,3.75,0,431a8542-c468-3988-a508-3afd06a218da
1493839320,3.8125,0,431a8542-c468-3988-a508-3afd06a218da
1493839380,3.9375,0,431a8542-c468-3988-a508-3afd06a218da
1493839440,3.875,0,431a8542-c468-3988-a508-3afd06a218da
1493839500,3.9375,0,431a8542-c468-3988-a508-3afd06a218da
1493839560,3.8125,0,431a8542-c468-3988-a508-3afd06a218da
1493839620,3.8125,0,431a8542-c468-3988-a508-3afd06a218da
1493839680,4.0,0,431a8542-c468-3988-a508-3afd06a218da
1493839740,3.8125,0,431a8542-c468-3988-a508-3afd06a218da
1493839800,3.875,0,431a8542-c468-3988-a508-3afd06a218da
1493839860,3.9375,0,431a8542-c468-3988-a508-3afd06a218da
1493839920,3.8125,0,431a8542-c468-3988-a508-3afd06a218da
1493839980,3.875,0,431a8542-c468-3988-a508-3afd06a218da
1493840040,4.0,0,431a8542-c468-3988-a508-3afd06a218da
1493840100,4.0,0,431a8542-c468-3988-a508-3afd06a218da
1493840160,3.75,0,431a8542-c468-3988-a508-3afd06a218da
1493840220,3.9375,0,431a8542-c468-3988-a508-3afd06a218da
1493840280,3.9375,0,431a8542-c468-3988-a508-3afd06a218da
1493840340,3.9375,0,431a8542-c468-3988-a508-3afd06a218da
1493840400,3.875,0,431a8542-c468-3988-a508-3afd06a218da
1493840460,3.875,0,431a8542-c468-3988-a508-3afd06a218da
1493840520,3.9375,0,431a8542-c468-3988-a508-3afd06a218da
1493840580,3.9375,0,431a8542-c468-3988-a508-3afd06a218da
1493840640,3.9375,0,431a8542-c468-3988-a508-3afd06a218da
1493840700,3.75,0,431a8542-c468-3988-a508-3afd06a218da
1493840760,3.9375,0,431a8542-c468-3988-a508-3afd06a218da
1493840820,3.9375,0,431a8542-c468-3988-a508-3afd06a218da
1493840880,3.9375,0,431a8542-c468-3988-a508-3afd06a218da
1493840940,3.875,0,431a8542-c468-3988-a508-3afd06a218da
1493841000,3.9375,0,431a8542-c468-3988-a508-3afd06a218da
1493841060,3.9375,0,431a8542-c468-3988-a508-3afd06a218da
1493841120,4.0625,0,431a8542-c468-3988-a508-3afd06a218da
1493841180,3.9375,0,431a8542-c468-3988-a508-3afd06a218da
1493841240,3.9375,0,431a8542-c468-3988-a508-3afd06a218da
1493841300,3.9375,0,431a8542-c468-3988-a508-3afd06a218da
1493841360,3.9375,0,431a8542-c468-3988-a508-3afd06a218da
1493841420,3.9375,0,431a8542-c468-3988-a508-3afd06a218da
1493841480,3.875,0,431a8542-c468-3988-a508-3afd06a218da
1493841540,3.9375,0,431a8542-c468-3988-a508-3afd06a218da
1493841600,4.0,0,431a8542-c468-3988-a508-3afd06a218da
1493841660,4.0,0,431a8542-c468-3988-a508-3afd06a218da
1493841720,4.0,0,431a8542-c468-3988-a508-3afd06a218da
1493841780,4.0,0,431a8542-c468-3988-a508-3afd06a218da
1493841840,3.9375,0,431a8542-c468-3988-a508-3afd06a218da
1493841900,4.0,0,431a8542-c468-3988-a508-3afd06a218da
1493841960,4.0,0,431a8542-c468-3988-a508-3afd06a218da
1493842020,3.9375,0,431a8542-c468-3988-a508-3afd06a218da
1493842080,4.125,0,431a8542-c468-3988-a508-3afd06a218da
1493842140,3.9375,0,431a8542-c468-3988-a508-3afd06a218da
1493842200,4.0625,0,431a8542-c468-3988-a508-3afd06a218da
1493842260,4.0,0,431a8542-c468-3988-a508-3afd06a218da
1493842320,4.125,0,431a8542-c468-3988-a508-3afd06a218da
1493842380,4.0,0,431a8542-c468-3988-a508-3afd06a218da
1493842440,4.125,0,431a8542-c468-3988-a508-3afd06a218da
1493842500,4.0,0,431a8542-c468-3988-a508-3afd06a218da
1493842560,4.1875,0,431a8542-c468-3988-a508-3afd06a218da
1493842620,4.0625,0,431a8542-c468-3988-a508-3afd06a218da
1493842680,4.0625,0,431a8542-c468-3988-a508-3afd06a218da
1493842740,4.0625,0,431a8542-c468-3988-a508-3afd06a218da
1493842800,4.0625,0,431a8542-c468-3988-a508-3afd06a218da
1493842860,4.0,0,431a8542-c468-3988-a508-3afd06a218da
1493842920,4.0625,0,431a8542-c468-3988-a508-3afd06a218da
1493842980,4.0625,0,431a8542-c468-3988-a508-3afd06a218da
1493843040,4.1875,0,431a8542-c468-3988-a508-3afd06a218da
1493843100,4.0625,0,431a8542-c468-3988-a508-3afd06a218da
1493843160,4.1875,0,431a8542-c468-3988-a508-3afd06a218da
1493843220,4.125,0,431a8542-c468-3988-a508-3afd06a218da
1493843280,4.25,0,431a8542-c468-3988-a508-3afd06a218da
1493843340,4.0,0,431a8542-c468-3988-a508-3afd06a218da
1493843400,4.125,0,431a8542-c468-3988-a508-3afd06a218da
1493843460,4.0625,0,431a8542-c468-3988-a508-3afd06a218da
1493843520,4.125,0,431a8542-c468-3988-a508-3afd06a218da
1493843580,4.0625,0,431a8542-c468-3988-a508-3afd06a218da
1493843640,4.0625,0,431a8542-c468-3988-a508-3afd06a218da
1493843700,4.0,0,431a8542-c468-3988-a508-3afd06a218da
1493843760,4.0625,0,431a8542-c468-3988-a508-3afd06a218da
1493843820,4.125,0,431a8542-c468-3988-a508-3afd06a218da
1493843880,4.25,0,431a8542-c468-3988-a508-3afd06a218da
1493843940,4.1875,0,431a8542-c468-3988-a508-3afd06a218da
1493844000,4.125,0,431a8542-c468-3988-a508-3afd06a218da
1493844060,4.5,0,431a8542-c468-3988-a508-3afd06a218da
1493844120,4.25,0,431a8542-c468-3988-a508-3afd06a218da
1493844180,4.3125,0,431a8542-c468-3988-a508-3afd06a218da
1493844240,4.25,0,431a8542-c468-3988-a508-3afd06a218da
1493844300,4.375,0,431a8542-c468-3988-a508-3afd06a218da
1493844360,4.3125,0,431a8542-c468-3988-a508-3afd06a218da
1493844420,4.125,0,431a8542-c468-3988-a508-3afd06a218da
1493844480,4.4375,0,431a8542-c468-3988-a508-3afd06a218da
1493844540,4.3125,0,431a8542-c468-3988-a508-3afd06a218da
1493844600,4.3125,0,431a8542-c468-3988-a508-3afd06a218da
1493844660,4.375,0,431a8542-c468-3988-a508-3afd06a218da
1493844720,4.375,0,431a8542-c468-3988-a508-3afd06a218da
1493844780,4.3125,0,431a8542-c468-3988-a508-3afd06a218da
1493844840,4.25,0,431a8542-c468-3988-a508-3afd06a218da
1493844900,4.375,0,431a8542-c468-3988-a508-3afd06a218da
1493844960,4.4375,0,431a8542-c468-3988-a508-3afd06a218da
1493845020,4.4375,0,431a8542-c468-3988-a508-3afd06a218da
1493845080,4.5625,0,431a8542-c468-3988-a508-3afd06a218da
1493845140,4.4375,0,431a8542-c468-3988-a508-3afd06a218da
1493845200,4.3125,0,431a8542-c468-3988-a508-3afd06a218da
1493845260,4.5,0,431a8542-c468-3988-a508-3afd06a218da
1493845320,4.4375,0,431a8542-c468-3988-a508-3afd06a218da
1493845380,4.4375,0,431a8542-c468-3988-a508-3afd06a218da
1493845440,4.1875,0,431a8542-c468-3988-a508-3afd06a218da
1493845500,4.4375,0,431a8542-c468-3988-a508-3afd06a218da
1493845560,4.533333301540001,0,431a8542-c468-3988-a508-3afd06a218da
1493845620,4.533333301540001,0,431a8542-c468-3988-a508-3afd06a218da
1493845680,4.4375,0,431a8542-c468-3988-a508-3afd06a218da
1493845740,4.375,0,431a8542-c468-3988-a508-3afd06a218da
1493845800,4.4375,0,431a8542-c468-3988-a508-3afd06a218da
1493845860,4.5625,0,431a8542-c468-3988-a508-3afd06a218da
1493845920,4.5625,0,431a8542-c468-3988-a508-3afd06a218da
1493845980,4.5625,0,431a8542-c468-3988-a508-3afd06a218da
1493846040,4.4375,0,431a8542-c468-3988-a508-3afd06a218da
1493846100,4.4375,0,431a8542-c468-3988-a508-3afd06a218da
1493846160,4.625,0,431a8542-c468-3988-a508-3afd06a218da
1493846220,4.6875,0,431a8542-c468-3988-a508-3afd06a218da
1493846280,4.4375,0,431a8542-c468-3988-a508-3afd06a218da
1493846340,4.5,0,431a8542-c468-3988-a508-3afd06a218da
1493846400,4.5,0,431a8542-c468-3988-a508-3afd06a218da
1493846460,4.4375,0,431a8542-c468-3988-a508-3afd06a218da
1493846520,4.625,0,431a8542-c468-3988-a508-3afd06a218da
1493846580,4.75,0,431a8542-c468-3988-a508-3afd06a218da
1493846640,4.75,0,431a8542-c468-3988-a508-3afd06a218da
1493846700,4.625,0,431a8542-c468-3988-a508-3afd06a218da
1493846760,4.75,0,431a8542-c468-3988-a508-3afd06a218da
1493846820,4.875,0,431a8542-c468-3988-a508-3afd06a218da
1493846880,4.625,0,431a8542-c468-3988-a508-3afd06a218da
1493846940,4.875,0,431a8542-c468-3988-a508-3afd06a218da
1493847000,4.8125,0,431a8542-c468-3988-a508-3afd06a218da
1493847060,4.6875,0,431a8542-c468-3988-a508-3afd06a218da
1493847120,4.6875,0,431a8542-c468-3988-a508-3afd06a218da
1493847180,4.6875,0,431a8542-c468-3988-a508-3afd06a218da
1493847240,4.75,0,431a8542-c468-3988-a508-3afd06a218da
1493847300,4.8125,0,431a8542-c468-3988-a508-3afd06a218da
1493847360,4.625,0,431a8542-c468-3988-a508-3afd06a218da
1493847420,4.8125,0,431a8542-c468-3988-a508-3afd06a218da
1493847480,4.8125,0,431a8542-c468-3988-a508-3afd06a218da
1493847540,4.875,0,431a8542-c468-3988-a508-3afd06a218da
1493847600,4.6875,0,431a8542-c468-3988-a508-3afd06a218da
1493847660,4.625,0,431a8542-c468-3988-a508-3afd06a218da
1493847720,4.75,0,431a8542-c468-3988-a508-3afd06a218da
1493847780,4.75,0,431a8542-c468-3988-a508-3afd06a218da
1493847840,4.75,0,431a8542-c468-3988-a508-3afd06a218da
1493847900,4.6875,0,431a8542-c468-3988-a508-3afd06a218da
1493847960,4.875,0,431a8542-c468-3988-a508-3afd06a218da
1493848020,4.75,0,431a8542-c468-3988-a508-3afd06a218da
1493848080,4.9375,0,431a8542-c468-3988-a508-3afd06a218da
1493848140,4.9375,0,431a8542-c468-3988-a508-3afd06a218da
1493848200,4.625,0,431a8542-c468-3988-a508-3afd06a218da
1493848260,4.9375,0,431a8542-c468-3988-a508-3afd06a218da
1493848320,5.0,0,431a8542-c468-3988-a508-3afd06a218da
1493848380,4.8125,0,431a8542-c468-3988-a508-3afd06a218da
1493848440,5.0,0,431a8542-c468-3988-a508-3afd06a218da
1493848500,4.875,0,431a8542-c468-3988-a508-3afd06a218da
1493848560,4.75,0,431a8542-c468-3988-a508-3afd06a218da
1493848620,4.9375,0,431a8542-c468-3988-a508-3afd06a218da
1493848680,4.8125,0,431a8542-c468-3988-a508-3afd06a218da
1493848740,4.8125,0,431a8542-c468-3988-a508-3afd06a218da
1493848800,4.875,0,431a8542-c468-3988-a508-3afd06a218da
1493848860,4.8125,0,431a8542-c468-3988-a508-3afd06a218da
1493848920,4.86666679382,0,431a8542-c468-3988-a508-3afd06a218da
1493848980,4.875,0,431a8542-c468-3988-a508-3afd06a218da
1493849040,4.75,0,431a8542-c468-3988-a508-3afd06a218da
1493849100,4.75,0,431a8542-c468-3988-a508-3afd06a218da
1493849160,4.8125,0,431a8542-c468-3988-a508-3afd06a218da
1493849220,4.8125,0,431a8542-c468-3988-a508-3afd06a218da
1493849280,4.875,0,431a8542-c468-3988-a508-3afd06a218da
1493849340,4.875,0,431a8542-c468-3988-a508-3afd06a218da
1493849400,4.6875,0,431a8542-c468-3988-a508-3afd06a218da
1493849460,4.75,0,431a8542-c468-3988-a508-3afd06a218da
1493849520,4.75,0,431a8542-c468-3988-a508-3afd06a218da
1493849580,4.8125,0,431a8542-c468-3988-a508-3afd06a218da
1493849640,5.0,0,431a8542-c468-3988-a508-3afd06a218da
1493849700,4.75,0,431a8542-c468-3988-a508-3afd06a218da
1493849760,5.0,0,431a8542-c468-3988-a508-3afd06a218da
1493849820,4.8125,0,431a8542-c468-3988-a508-3afd06a218da
1493849880,5.0,0,431a8542-c468-3988-a508-3afd06a218da
1493849940,4.875,0,431a8542-c468-3988-a508-3afd06a218da
1493850000,4.875,0,431a8542-c468-3988-a508-3afd06a218da
1493850060,4.8125,0,431a8542-c468-3988-a508-3afd06a218da
1493850120,4.9375,0,431a8542-c468-3988-a508-3afd06a218da
1493850180,5.0,0,431a8542-c468-3988-a508-3afd06a218da
1493850240,4.6875,0,431a8542-c468-3988-a508-3afd06a218da
1493850300,4.9375,0,431a8542-c468-3988-a508-3afd06a218da
1493850360,4.9375,0,431a8542-c468-3988-a508-3afd06a218da
1493850420,4.875,0,431a8542-c468-3988-a508-3afd06a218da
1493850480,5.0,0,431a8542-c468-3988-a508-3afd06a218da
1493850540,5.0625,0,431a8542-c468-3988-a508-3afd06a218da
1493850600,4.8125,0,431a8542-c468-3988-a508-3afd06a218da
1493850660,5.0625,0,431a8542-c468-3988-a508-3afd06a218da
1493850720,4.875,0,431a8542-c468-3988-a508-3afd06a218da
1493850780,4.875,0,431a8542-c468-3988-a508-3afd06a218da
1493850840,5.0,0,431a8542-c468-3988-a508-3afd06a218da
1493850900,5.0,0,431a8542-c468-3988-a508-3afd06a218da
1493850960,5.0,0,431a8542-c468-3988-a508-3afd06a218da
1493851020,5.0625,0,431a8542-c468-3988-a508-3afd06a218da
1493851080,4.9375,0,431a8542-c468-3988-a508-3afd06a218da
1493851140,5.0,0,431a8542-c468-3988-a508-3afd06a218da
1493851200,4.9375,0,431a8542-c468-3988-a508-3afd06a218da
1493851260,4.9375,0,431a8542-c468-3988-a508-3afd06a218da
1493851320,5.0,0,431a8542-c468-3988-a508-3afd06a218da
1493851380,5.125,0,431a8542-c468-3988-a508-3afd06a218da
1493851440,5.125,0,431a8542-c468-3988-a508-3afd06a218da
1493851500,5.0,0,431a8542-c468-3988-a508-3afd06a218da
1493851560,4.9375,0,431a8542-c468-3988-a508-3afd06a218da
1493851620,5.0,0,431a8542-c468-3988-a508-3afd06a218da
1493851680,5.0,0,431a8542-c468-3988-a508-3afd06a218da
1493851740,4.9375,0,431a8542-c468-3988-a508-3afd06a218da
1493851800,5.0625,0,431a8542-c468-3988-a508-3afd06a218da
1493851860,5.1875,0,431a8542-c468-3988-a508-3afd06a218da
1493851920,4.875,0,431a8542-c468-3988-a508-3afd06a218da
1493851980,5.0,0,431a8542-c468-3988-a508-3afd06a218da
1493852040,4.9375,0,431a8542-c468-3988-a508-3afd06a218da
1493852100,5.0,0,431a8542-c468-3988-a508-3afd06a218da
1493852160,5.1875,0,431a8542-c468-3988-a508-3afd06a218da
1493852220,5.0,0,431a8542-c468-3988-a508-3afd06a218da
1493852280,4.8125,0,431a8542-c468-3988-a508-3afd06a218da
1493852340,5.125,0,431a8542-c468-3988-a508-3afd06a218da
1493852400,4.9375,0,431a8542-c468-3988-a508-3afd06a218da
1493852460,5.0625,0,431a8542-c468-3988-a508-3afd06a218da
1493852520,4.9375,0,431a8542-c468-3988-a508-3afd06a218da
1493852580,5.3125,0,431a8542-c468-3988-a508-3afd06a218da
1493852640,4.9375,0,431a8542-c468-3988-a508-3afd06a218da
1493852700,5.0625,0,431a8542-c468-3988-a508-3afd06a218da
1493852760,5.125,0,431a8542-c468-3988-a508-3afd06a218da
1493852820,5.0,0,431a8542-c468-3988-a508-3afd06a218da
1493852880,4.9375,0,431a8542-c468-3988-a508-3afd06a218da
1493852940,5.0,0,431a8542-c468-3988-a508-3afd06a218da
1493853000,5.0,0,431a8542-c468-3988-a508-3afd06a218da
1493853060,5.125,0,431a8542-c468-3988-a508-3afd06a218da
1493853120,5.0625,0,431a8542-c468-3988-a508-3afd06a218da
1493853180,5.125,0,431a8542-c468-3988-a508-3afd06a218da
1493853240,5.0,0,431a8542-c468-3988-a508-3afd06a218da
1493853300,5.1875,0,431a8542-c468-3988-a508-3afd06a218da
1493853360,5.0625,0,431a8542-c468-3988-a508-3afd06a218da
1493853420,4.9375,0,431a8542-c468-3988-a508-3afd06a218da
1493853480,5.0,0,431a8542-c468-3988-a508-3afd06a218da
1493853540,5.0625,0,431a8542-c468-3988-a508-3afd06a218da
1493853600,5.125,0,431a8542-c468-3988-a508-3afd06a218da
1493853660,5.125,0,431a8542-c468-3988-a508-3afd06a218da
1493853720,5.0625,0,431a8542-c468-3988-a508-3afd06a218da
1493853780,5.125,0,431a8542-c468-3988-a508-3afd06a218da
1493853840,5.25,0,431a8542-c468-3988-a508-3afd06a218da
1493853900,5.125,0,431a8542-c468-3988-a508-3afd06a218da
1493853960,5.1875,0,431a8542-c468-3988-a508-3afd06a218da
1493854020,4.9375,0,431a8542-c468-3988-a508-3afd06a218da
1493854080,5.625,0,431a8542-c468-3988-a508-3afd06a218da
1493854140,5.1875,0,431a8542-c468-3988-a508-3afd06a218da
1493854200,5.4375,0,431a8542-c468-3988-a508-3afd06a218da
1493854260,5.0625,0,431a8542-c468-3988-a508-3afd06a218da
1493854320,5.0,0,431a8542-c468-3988-a508-3afd06a218da
1493854380,5.0,0,431a8542-c468-3988-a508-3afd06a218da
1493854440,5.0625,0,431a8542-c468-3988-a508-3afd06a218da
1493854500,5.25,0,431a8542-c468-3988-a508-3afd06a218da
1493854560,5.125,0,431a8542-c468-3988-a508-3afd06a218da
1493854620,5.375,0,431a8542-c468-3988-a508-3afd06a218da
1493854680,5.1875,0,431a8542-c468-3988-a508-3afd06a218da
1493854740,5.0625,0,431a8542-c468-3988-a508-3afd06a218da
1493854800,5.375,0,431a8542-c468-3988-a508-3afd06a218da
1493854860,5.375,0,431a8542-c468-3988-a508-3afd06a218da
1493854920,5.375,0,431a8542-c468-3988-a508-3afd06a218da
1493854980,5.375,0,431a8542-c468-3988-a508-3afd06a218da
1493855040,5.1875,0,431a8542-c468-3988-a508-3afd06a218da
1493855100,5.3125,0,431a8542-c468-3988-a508-3afd06a218da
1493855160,5.1875,0,431a8542-c468-3988-a508-3afd06a218da
1493855220,5.4375,0,431a8542-c468-3988-a508-3afd06a218da
1493855280,5.5625,0,431a8542-c468-3988-a508-3afd06a218da
1493855340,5.5,0,431a8542-c468-3988-a508-3afd06a218da
1493855400,5.125,0,431a8542-c468-3988-a508-3afd06a218da
1493855460,5.5625,0,431a8542-c468-3988-a508-3afd06a218da
1493855520,5.3125,0,431a8542-c468-3988-a508-3afd06a218da
1493855580,5.25,0,431a8542-c468-3988-a508-3afd06a218da
1493855640,5.4375,0,431a8542-c468-3988-a508-3afd06a218da
1493855700,5.3125,0,431a8542-c468-3988-a508-3afd06a218da
1493855760,5.4375,0,431a8542-c468-3988-a508-3afd06a218da
1493855820,5.5625,0,431a8542-c468-3988-a508-3afd06a218da
1493855880,5.375,0,431a8542-c468-3988-a508-3afd06a218da
1493855940,5.5,0,431a8542-c468-3988-a508-3afd06a218da
1493856000,5.625,0,431a8542-c468-3988-a508-3afd06a218da
1493856060,5.4375,0,431a8542-c468-3988-a508-3afd06a218da
1493856120,5.6875,0,431a8542-c468-3988-a508-3afd06a218da
1493856180,5.375,0,431a8542-c468-3988-a508-3afd06a218da
1493856240,5.375,0,431a8542-c468-3988-a508-3afd06a218da
1493856300,5.4375,0,431a8542-c468-3988-a508-3afd06a218da
1493856360,5.5,0,431a8542-c468-3988-a508-3afd06a218da
1493856420,5.3125,0,431a8542-c468-3988-a508-3afd06a218da
1493856480,5.6875,0,431a8542-c468-3988-a508-3afd06a218da
1493856540,5.4375,0,431a8542-c468-3988-a508-3afd06a218da
1493856600,5.625,0,431a8542-c468-3988-a508-3afd06a218da
1493856660,5.4375,0,431a8542-c468-3988-a508-3afd06a218da
1493856720,5.5625,0,431a8542-c468-3988-a508-3afd06a218da
1493856780,5.5625,0,431a8542-c468-3988-a508-3afd06a218da
1493856840,5.3125,0,431a8542-c468-3988-a508-3afd06a218da
1493856900,5.4375,0,431a8542-c468-3988-a508-3afd06a218da
1493856960,5.75,0,431a8542-c468-3988-a508-3afd06a218da
1493857020,5.75,0,431a8542-c468-3988-a508-3afd06a218da
1493857080,5.4375,0,431a8542-c468-3988-a508-3afd06a218da
1493857140,5.75,0,431a8542-c468-3988-a508-3afd06a218da
1493857200,5.4375,0,431a8542-c468-3988-a508-3afd06a218da
1493857260,5.5625,0,431a8542-c468-3988-a508-3afd06a218da
1493857320,5.5,0,431a8542-c468-3988-a508-3afd06a218da
1493857380,5.5625,0,431a8542-c468-3988-a508-3afd06a218da
1493857440,5.75,0,431a8542-c468-3988-a508-3afd06a218da
1493857500,5.75,0,431a8542-c468-3988-a508-3afd06a218da
1493857560,5.5625,0,431a8542-c468-3988-a508-3afd06a218da
1493857620,5.625,0,431a8542-c468-3988-a508-3afd06a218da
1493857680,5.5,0,431a8542-c468-3988-a508-3afd06a218da
1493857740,5.625,0,431a8542-c468-3988-a508-3afd06a218da
1493857800,5.6875,0,431a8542-c468-3988-a508-3afd06a218da
1493857860,5.5,0,431a8542-c468-3988-a508-3afd06a218da
1493857920,5.5,0,431a8542-c468-3988-a508-3afd06a218da
1493857980,5.6875,0,431a8542-c468-3988-a508-3afd06a218da
1493858040,5.875,0,431a8542-c468-3988-a508-3afd06a218da
1493858100,5.5625,0,431a8542-c468-3988-a508-3afd06a218da
1493858160,5.75,0,431a8542-c468-3988-a508-3afd06a218da
1493858220,5.625,0,431a8542-c468-3988-a508-3afd06a218da
1493858280,5.5625,0,431a8542-c468-3988-a508-3afd06a218da
1493858340,5.6875,0,431a8542-c468-3988-a508-3afd06a218da
1493858400,5.4375,0,431a8542-c468-3988-a508-3afd06a218da
1493858460,5.5,0,431a8542-c468-3988-a508-3afd06a218da
1493858520,5.75,0,431a8542-c468-3988-a508-3afd06a218da
1493858580,5.625,0,431a8542-c468-3988-a508-3afd06a218da
1493858640,5.5625,0,431a8542-c468-3988-a508-3afd06a218da
1493858700,5.875,0,431a8542-c468-3988-a508-3afd06a218da
1493858760,5.625,0,431a8542-c468-3988-a508-3afd06a218da
1493858820,5.6875,0,431a8542-c468-3988-a508-3afd06a218da
1493858880,5.875,0,431a8542-c468-3988-a508-3afd06a218da
1493858940,5.875,0,431a8542-c468-3988-a508-3afd06a218da
1493859000,6.0,0,431a8542-c468-3988-a508-3afd06a218da
1493859060,5.625,0,431a8542-c468-3988-a508-3afd06a218da
1493859120,5.6875,0,431a8542-c468-3988-a508-3afd06a218da
1493859180,5.8125,0,431a8542-c468-3988-a508-3afd06a218da
1493859240,5.6875,0,431a8542-c468-3988-a508-3afd06a218da
1493859300,5.625,0,431a8542-c468-3988-a508-3afd06a218da
1493859360,5.9375,0,431a8542-c468-3988-a508-3afd06a218da
1493859420,5.6875,0,431a8542-c468-3988-a508-3afd06a218da
1493859480,5.8125,0,431a8542-c468-3988-a508-3afd06a218da
1493859540,5.9375,0,431a8542-c468-3988-a508-3afd06a218da
1493859600,5.625,0,431a8542-c468-3988-a508-3afd06a218da
1493859660,5.625,0,431a8542-c468-3988-a508-3afd06a218da
1493859720,5.8125,0,431a8542-c468-3988-a508-3afd06a218da
1493859780,5.375,0,431a8542-c468-3988-a508-3afd06a218da
1493859840,5.375,0,431a8542-c468-3988-a508-3afd06a218da
1493859900,5.5625,0,431a8542-c468-3988-a508-3afd06a218da
1493859960,5.5,0,431a8542-c468-3988-a508-3afd06a218da
1493860020,5.6875,0,431a8542-c468-3988-a508-3afd06a218da
1493860080,5.5625,0,431a8542-c468-3988-a508-3afd06a218da
1493860140,5.5625,0,431a8542-c468-3988-a508-3afd06a218da
1493860200,5.6875,0,431a8542-c468-3988-a508-3afd06a218da
1493860260,5.4375,0,431a8542-c468-3988-a508-3afd06a218da
1493860320,5.4375,0,431a8542-c468-3988-a508-3afd06a218da
1493860380,5.625,0,431a8542-c468-3988-a508-3afd06a218da
1493860440,5.5625,0,431a8542-c468-3988-a508-3afd06a218da
1493860500,5.625,0,431a8542-c468-3988-a508-3afd06a218da
1493860560,5.9375,0,431a8542-c468-3988-a508-3afd06a218da
1493860620,5.5625,0,431a8542-c468-3988-a508-3afd06a218da
1493860680,5.5,0,431a8542-c468-3988-a508-3afd06a218da
1493860740,5.8125,0,431a8542-c468-3988-a508-3afd06a218da
1493860800,5.6875,0,431a8542-c468-3988-a508-3afd06a218da
1493860860,5.5625,0,431a8542-c468-3988-a508-3afd06a218da
1493860920,5.625,0,431a8542-c468-3988-a508-3afd06a218da
1493860980,5.75,0,431a8542-c468-3988-a508-3afd06a218da
1493861040,5.8125,0,431a8542-c468-3988-a508-3afd06a218da
1493861100,5.5,0,431a8542-c468-3988-a508-3afd06a218da
1493861160,5.625,0,431a8542-c468-3988-a508-3afd06a218da
1493861220,5.6875,0,431a8542-c468-3988-a508-3afd06a218da
1493861280,5.6875,0,431a8542-c468-3988-a508-3afd06a218da
1493861340,5.625,0,431a8542-c468-3988-a508-3afd06a218da
1493861400,5.8125,0,431a8542-c468-3988-a508-3afd06a218da
1493861460,5.625,0,431a8542-c468-3988-a508-3afd06a218da
1493861520,5.875,0,431a8542-c468-3988-a508-3afd06a218da
1493861580,5.875,0,431a8542-c468-3988-a508-3afd06a218da
1493861640,5.6875,0,431a8542-c468-3988-a508-3afd06a218da
1493861700,5.6875,0,431a8542-c468-3988-a508-3afd06a218da
1493861760,5.875,0,431a8542-c468-3988-a508-3afd06a218da
1493861820,5.75,0,431a8542-c468-3988-a508-3afd06a218da
1493861880,5.75,0,431a8542-c468-3988-a508-3afd06a218da
1493861940,5.875,0,431a8542-c468-3988-a508-3afd06a218da
1493862000,5.9375,0,431a8542-c468-3988-a508-3afd06a218da
1493862060,5.6875,0,431a8542-c468-3988-a508-3afd06a218da
1493862120,5.625,0,431a8542-c468-3988-a508-3afd06a218da
1493862180,5.625,0,431a8542-c468-3988-a508-3afd06a218da
1493862240,5.875,0,431a8542-c468-3988-a508-3afd06a218da
1493862300,5.6875,0,431a8542-c468-3988-a508-3afd06a218da
1493862360,5.75,0,431a8542-c468-3988-a508-3afd06a218da
1493862420,5.8125,0,431a8542-c468-3988-a508-3afd06a218da
1493862480,5.6875,0,431a8542-c468-3988-a508-3afd06a218da
1493862540,5.625,0,431a8542-c468-3988-a508-3afd06a218da
1493862600,5.8125,0,431a8542-c468-3988-a508-3afd06a218da
1493862660,5.8125,0,431a8542-c468-3988-a508-3afd06a218da
1493862720,5.8125,0,431a8542-c468-3988-a508-3afd06a218da
1493862780,6.0625,0,431a8542-c468-3988-a508-3afd06a218da
1493862840,5.875,0,431a8542-c468-3988-a508-3afd06a218da
1493862900,6.0,0,431a8542-c468-3988-a508-3afd06a218da
1493862960,5.75,0,431a8542-c468-3988-a508-3afd06a218da
1493863020,5.9375,0,431a8542-c468-3988-a508-3afd06a218da
1493863080,6.125,0,431a8542-c468-3988-a508-3afd06a218da
1493863140,5.6875,0,431a8542-c468-3988-a508-3afd06a218da
1493863200,5.5625,0,431a8542-c468-3988-a508-3afd06a218da
1493863260,5.8125,0,431a8542-c468-3988-a508-3afd06a218da
1493863320,5.6875,0,431a8542-c468-3988-a508-3afd06a218da
1493863380,5.6875,0,431a8542-c468-3988-a508-3afd06a218da
1493863440,6.0625,0,431a8542-c468-3988-a508-3afd06a218da
1493863500,5.9375,0,431a8542-c468-3988-a508-3afd06a218da
1493863560,5.875,0,431a8542-c468-3988-a508-3afd06a218da
1493863620,5.875,0,431a8542-c468-3988-a508-3afd06a218da
1493863680,5.6875,0,431a8542-c468-3988-a508-3afd06a218da
1493863740,5.875,0,431a8542-c468-3988-a508-3afd06a218da
1493863800,5.8125,0,431a8542-c468-3988-a508-3afd06a218da
1493863860,5.8125,0,431a8542-c468-3988-a508-3afd06a218da
1493863920,5.9375,0,431a8542-c468-3988-a508-3afd06a218da
1493863980,5.875,0,431a8542-c468-3988-a508-3afd06a218da
1493864040,5.6875,0,431a8542-c468-3988-a508-3afd06a218da
1493864100,6.0,0,431a8542-c468-3988-a508-3afd06a218da
1493864160,5.9375,0,431a8542-c468-3988-a508-3afd06a218da
1493864220,5.8125,0,431a8542-c468-3988-a508-3afd06a218da
1493864280,5.875,0,431a8542-c468-3988-a508-3afd06a218da
1493864340,5.875,0,431a8542-c468-3988-a508-3afd06a218da
1493864400,5.875,0,431a8542-c468-3988-a508-3afd06a218da
1493864460,6.1875,0,431a8542-c468-3988-a508-3afd06a218da
1493864520,5.875,0,431a8542-c468-3988-a508-3afd06a218da
1493864580,5.6875,0,431a8542-c468-3988-a508-3afd06a218da
1493864640,5.9375,0,431a8542-c468-3988-a508-3afd06a218da
1493864700,5.9375,0,431a8542-c468-3988-a508-3afd06a218da
1493864760,5.9375,0,431a8542-c468-3988-a508-3afd06a218da
1493864820,5.9375,0,431a8542-c468-3988-a508-3afd06a218da
1493864880,6.0625,0,431a8542-c468-3988-a508-3afd06a218da
1493864940,5.875,0,431a8542-c468-3988-a508-3afd06a218da
1493865000,5.875,0,431a8542-c468-3988-a508-3afd06a218da
1493865060,6.0,0,431a8542-c468-3988-a508-3afd06a218da
1493865120,5.9375,0,431a8542-c468-3988-a508-3afd06a218da
1493865180,5.9375,0,431a8542-c468-3988-a508-3afd06a218da
1493865240,5.9375,0,431a8542-c468-3988-a508-3afd06a218da
1493865300,6.0,0,431a8542-c468-3988-a508-3afd06a218da
1493865360,5.875,0,431a8542-c468-3988-a508-3afd06a218da
1493865420,5.8125,0,431a8542-c468-3988-a508-3afd06a218da
1493865480,6.125,0,431a8542-c468-3988-a508-3afd06a218da
1493865540,6.125,0,431a8542-c468-3988-a508-3afd06a218da
1493865600,6.0625,0,431a8542-c468-3988-a508-3afd06a218da
1493865660,6.1333332061800006,0,431a8542-c468-3988-a508-3afd06a218da
1493865720,6.1875,0,431a8542-c468-3988-a508-3afd06a218da
1493865780,6.0,0,431a8542-c468-3988-a508-3afd06a218da
1493865840,6.1875,0,431a8542-c468-3988-a508-3afd06a218da
1493865900,6.125,0,431a8542-c468-3988-a508-3afd06a218da
1493865960,6.1875,0,431a8542-c468-3988-a508-3afd06a218da
1493866020,6.3125,0,431a8542-c468-3988-a508-3afd06a218da
1493866080,6.125,0,431a8542-c468-3988-a508-3afd06a218da
1493866140,6.0625,0,431a8542-c468-3988-a508-3afd06a218da
1493866200,6.25,0,431a8542-c468-3988-a508-3afd06a218da
1493866260,6.25,0,431a8542-c468-3988-a508-3afd06a218da
1493866320,6.1875,0,431a8542-c468-3988-a508-3afd06a218da
1493866380,6.06666660309,0,431a8542-c468-3988-a508-3afd06a218da
1493866440,6.1875,0,431a8542-c468-3988-a508-3afd06a218da
1493866500,6.25,0,431a8542-c468-3988-a508-3afd06a218da
1493866560,6.125,0,431a8542-c468-3988-a508-3afd06a218da
1493866620,6.0625,0,431a8542-c468-3988-a508-3afd06a218da
1493866680,6.125,0,431a8542-c468-3988-a508-3afd06a218da
1493866740,6.25,0,431a8542-c468-3988-a508-3afd06a218da
1493866800,6.0,0,431a8542-c468-3988-a508-3afd06a218da
1493866860,6.125,0,431a8542-c468-3988-a508-3afd06a218da
1493866920,6.3125,0,431a8542-c468-3988-a508-3afd06a218da
1493866980,6.25,0,431a8542-c468-3988-a508-3afd06a218da
1493867040,6.125,0,431a8542-c468-3988-a508-3afd06a218da
1493867100,6.3125,0,431a8542-c468-3988-a508-3afd06a218da
1493867160,6.3125,0,431a8542-c468-3988-a508-3afd06a218da
1493867220,6.4375,0,431a8542-c468-3988-a508-3afd06a218da
1493867280,6.1875,0,431a8542-c468-3988-a508-3afd06a218da
1493867340,6.25,0,431a8542-c468-3988-a508-3afd06a218da
1493867400,6.5,0,431a8542-c468-3988-a508-3afd06a218da
1493867460,6.25,0,431a8542-c468-3988-a508-3afd06a218da
1493867520,6.125,0,431a8542-c468-3988-a508-3afd06a218da
1493867580,6.25,0,431a8542-c468-3988-a508-3afd06a218da
1493867640,6.25,0,431a8542-c468-3988-a508-3afd06a218da
1493867700,6.4375,0,431a8542-c468-3988-a508-3afd06a218da
1493867760,6.625,0,431a8542-c468-3988-a508-3afd06a218da
1493867820,6.0,0,431a8542-c468-3988-a508-3afd06a218da
1493867880,6.5625,0,431a8542-c468-3988-a508-3afd06a218da
1493867940,6.4375,0,431a8542-c468-3988-a508-3afd06a218da
1493868000,6.5,0,431a8542-c468-3988-a508-3afd06a218da
1493868060,6.625,0,431a8542-c468-3988-a508-3afd06a218da
1493868120,6.5625,0,431a8542-c468-3988-a508-3afd06a218da
1493868180,6.4375,0,431a8542-c468-3988-a508-3afd06a218da
1493868240,6.5,0,431a8542-c468-3988-a508-3afd06a218da
1493868300,6.25,0,431a8542-c468-3988-a508-3afd06a218da
1493868360,6.5625,0,431a8542-c468-3988-a508-3afd06a218da
1493868420,6.4375,0,431a8542-c468-3988-a508-3afd06a218da
1493868480,6.1875,0,431a8542-c468-3988-a508-3afd06a218da
1493868540,6.375,0,431a8542-c468-3988-a508-3afd06a218da
1493868600,6.4375,0,431a8542-c468-3988-a508-3afd06a218da
1493868660,6.375,0,431a8542-c468-3988-a508-3afd06a218da
1493868720,6.3125,0,431a8542-c468-3988-a508-3afd06a218da
1493868780,6.4375,0,431a8542-c468-3988-a508-3afd06a218da
1493868840,6.1875,0,431a8542-c468-3988-a508-3afd06a218da
1493868900,6.5625,0,431a8542-c468-3988-a508-3afd06a218da
1493868960,6.5,0,431a8542-c468-3988-a508-3afd06a218da
1493869020,6.25,0,431a8542-c468-3988-a508-3afd06a218da
1493869080,6.5,0,431a8542-c468-3988-a508-3afd06a218da
1493869140,6.4375,0,431a8542-c468-3988-a508-3afd06a218da
1493869200,6.4375,0,431a8542-c468-3988-a508-3afd06a218da
1493869260,6.4375,0,431a8542-c468-3988-a508-3afd06a218da
1493869320,6.4375,0,431a8542-c468-3988-a508-3afd06a218da
1493869380,6.625,0,431a8542-c468-3988-a508-3afd06a218da
1493869440,6.6875,0,431a8542-c468-3988-a508-3afd06a218da
1493869500,6.5,0,431a8542-c468-3988-a508-3afd06a218da
1493869560,6.75,0,431a8542-c468-3988-a508-3afd06a218da
1493869620,6.625,0,431a8542-c468-3988-a508-3afd06a218da
1493869680,6.375,0,431a8542-c468-3988-a508-3afd06a218da
1493869740,6.4375,0,431a8542-c468-3988-a508-3afd06a218da
1493869800,6.5625,0,431a8542-c468-3988-a508-3afd06a218da
1493869860,6.5,0,431a8542-c468-3988-a508-3afd06a218da
1493869920,6.625,0,431a8542-c468-3988-a508-3afd06a218da
1493869980,6.625,0,431a8542-c468-3988-a508-3afd06a218da
1493870040,6.5,0,431a8542-c468-3988-a508-3afd06a218da
1493870100,6.625,0,431a8542-c468-3988-a508-3afd06a218da
1493870160,6.5625,0,431a8542-c468-3988-a508-3afd06a218da
1493870220,6.6875,0,431a8542-c468-3988-a508-3afd06a218da
1493870280,6.625,0,431a8542-c468-3988-a508-3afd06a218da
1493870340,6.625,0,431a8542-c468-3988-a508-3afd06a218da
1493870400,6.625,0,431a8542-c468-3988-a508-3afd06a218da
1493870460,6.6875,0,431a8542-c468-3988-a508-3afd06a218da
1493870520,6.8125,0,431a8542-c468-3988-a508-3afd06a218da
1493870580,6.875,0,431a8542-c468-3988-a508-3afd06a218da
1493870640,6.5625,0,431a8542-c468-3988-a508-3afd06a218da
1493870700,6.6875,0,431a8542-c468-3988-a508-3afd06a218da
1493870760,6.6875,0,431a8542-c468-3988-a508-3afd06a218da
1493870820,6.875,0,431a8542-c468-3988-a508-3afd06a218da
1493870880,6.8125,0,431a8542-c468-3988-a508-3afd06a218da
1493870940,6.75,0,431a8542-c468-3988-a508-3afd06a218da
1493871000,6.8125,0,431a8542-c468-3988-a508-3afd06a218da
1493871060,6.9375,0,431a8542-c468-3988-a508-3afd06a218da
1493871120,6.9375,0,431a8542-c468-3988-a508-3afd06a218da
1493871180,6.875,0,431a8542-c468-3988-a508-3afd06a218da
1493871240,6.625,0,431a8542-c468-3988-a508-3afd06a218da
1493871300,6.6875,0,431a8542-c468-3988-a508-3afd06a218da
1493871360,6.8125,0,431a8542-c468-3988-a508-3afd06a218da
1493871420,6.8125,0,431a8542-c468-3988-a508-3afd06a218da
1493871480,7.0625,0,431a8542-c468-3988-a508-3afd06a218da
1493871540,6.875,0,431a8542-c468-3988-a508-3afd06a218da
1493871600,6.75,0,431a8542-c468-3988-a508-3afd06a218da
1493871660,6.75,0,431a8542-c468-3988-a508-3afd06a218da
1493871720,6.75,0,431a8542-c468-3988-a508-3afd06a218da
